asset,variant,type,old_cx,old_cy,old_cz,old_ex,old_ey,old_ez,new_cx,new_cy,new_cz,new_ex,new_ey,new_ez,max_extent_diff
001_bottle,0,rigid,0.0,0.9646134421466613,0.0,0.58,1.9300504196885258,0.58,0.0,0.9646550118923187,0.0,0.5730571746826172,1.9293100237846375,0.5705964863300323,0.009403513669967611
001_bottle,1,rigid,0.0,0.9649126765114798,0.0,0.6,1.9303529273203575,0.6,0.0,0.9648976027965546,0.0,0.6036965548992157,1.9297952055931091,0.5993795990943909,0.0036965548992157204
001_bottle,10,rigid,-5.2196355139897245e-06,0.9652236477677474,6.703540626740448e-05,0.588751103681373,1.930564376994578,0.5859638860516089,0.0,0.9651802778244019,0.0,0.5885407328605652,1.9303605556488037,0.5854280889034271,0.0005357971481817492
001_bottle,11,rigid,-2.4262850257368458e-05,0.8388528265348677,-0.00011266960974656136,0.4993995455270008,1.6778490264284942,0.49327943211745157,0.0,0.8388123214244843,0.0,0.49853892624378204,1.6776246428489685,0.4914196729660034,0.0018597591514481482
001_bottle,12,rigid,0.0,0.9651236841652905,0.0,0.65,1.9314907687412814,0.65,0.0,0.9651872515678406,0.0,0.6356936395168304,1.9303745031356812,0.6350092887878418,0.014990711212158225
001_bottle,13,rigid,6.813343718070148e-05,0.9390977719300474,2.540242926586833e-05,0.5201516785787955,1.8783392663982066,0.5123145297663331,0.0,0.9391049444675446,0.0,0.5191172361373901,1.8782098889350891,0.5114704072475433,0.001034442441405381
001_bottle,14,rigid,0.0,0.9664133568790396,0.0,0.65,1.9335261228935234,0.65,0.0,0.9663417637348175,0.0,0.672789067029953,1.932683527469635,0.6668482422828674,0.02278906702995298
001_bottle,15,rigid,-0.002860660013270846,0.9655174702400184,-0.0007627149390405923,0.6515121991841855,1.9370845399983234,0.6376907423201796,0.0,0.9657789468765259,0.0,0.6344414055347443,1.9315578937530518,0.62895068526268,0.017070793649441196
001_bottle,16,rigid,0.0001373235878036478,0.9519651960318409,0.00013451393676300105,0.51,1.9347558432456982,0.51,2.0697712898254395e-05,0.9519300712272525,-2.034008502960205e-05,0.535436600446701,1.9342758152633905,0.5343117415904999,0.02543660044670104
001_bottle,17,rigid,0.0,0.961731978370513,0.0,0.6,1.9246318368160442,0.6,0.0,0.9617061913013458,0.0,0.6112949848175049,1.9234123826026917,0.6091764569282532,0.011294984817504905
001_bottle,18,rigid,0.0,0.9663286493453831,0.0,0.85,1.9336062558001568,0.85,0.0,0.9663201868534088,0.0,0.8289796710014343,1.9326403737068176,0.8095296919345856,0.040470308065414407
001_bottle,19,rigid,0.0004931770541809464,0.7851819855681549,-0.079986268537124,0.8,1.6391707929839179,1.1252538997974708,0.0,0.7867664694786072,0.0,0.7214666604995728,1.5735329389572144,0.9094363451004028,0.21581755469706798
001_bottle,2,rigid,0.0,0.7996165928441576,0.0,0.5,1.6002880548748633,0.5,0.0,0.7996388375759125,0.0,0.47791990637779236,1.599277675151825,0.4728866070508957,0.02711339294910431
001_bottle,20,rigid,0.0001367525164325426,0.966211151866391,-0.0002638558103402658,0.6029039956506574,1.9333479182630604,0.7285262040835236,0.0,0.9661988615989685,0.0,0.6016279757022858,1.932397723197937,0.7265062630176544,0.002019941065869224
001_bottle,21,rigid,-0.0002445995783731815,0.9660730272699999,8.193124105161999e-05,1.0,1.9322561756344012,1.0,0.0,0.9660743474960327,0.0,0.9904080033302307,1.9321486949920654,0.9904247224330902,0.009591996669769287
001_bottle,22,rigid,0.003398063193113296,0.9485234697938384,0.003310639711459277,0.6591070940362889,1.9434263895413233,0.6698019007544148,0.00013884902000427246,0.9493862753733993,-0.0002391338348388672,0.6463139653205872,1.9326454866677523,0.6558374166488647,0.013964484105550068
001_bottle,3,rigid,2.3900695319695956e-05,0.9660444683979004,9.054803351140765e-08,0.5665903739618798,1.9322563592637194,0.5677235151008584,0.0,0.9660645425319672,0.0,0.5651066303253174,1.9321290850639343,0.5667875707149506,0.0014837436365624512
001_bottle,4,rigid,0.0,0.9141617951104314,0.0,0.5,1.8294536590118127,0.5,0.0,0.9141821265220642,0.0,0.5146474540233612,1.8283642530441284,0.5051696598529816,0.014647454023361206
001_bottle,5,rigid,0.0017049136807438345,0.9647551537798251,7.8278101119759e-05,0.669724289420711,1.9295470640054653,0.6617593859852263,0.0,0.9647351205348969,0.0,0.6328581273555756,1.9294702410697937,0.6227914690971375,0.03896791688808887
001_bottle,6,rigid,0.0,0.9656968282747239,0.0,0.7,1.931554363790541,0.7,0.0,0.9656200408935547,0.0,0.6714687943458557,1.9312400817871094,0.6648522317409515,0.03514776825904842
001_bottle,7,rigid,0.0,0.9656817052222285,0.0,0.6,1.9345223323485068,0.6,0.0,0.9655682742595673,0.0,0.6047175526618958,1.9311365485191345,0.6032755076885223,0.004717552661895774
001_bottle,8,rigid,0.0,0.9302157964968594,0.0,0.7,1.8668896923182046,0.7,0.0,0.9294213950634003,0.0,0.6951834261417389,1.8588427901268005,0.6860789358615875,0.013921064138412431
001_bottle,9,rigid,0,0.7812607809551178,0,0.5,1.562838530920469,0.5,0.0,0.7812283933162689,0.0,0.5227954685688019,1.5624567866325378,0.5144171416759491,0.02279546856880188
002_bowl,1,rigid,2.3601163290374267e-05,0.5194922689864314,0.0004315720534880012,2.434335656725262,1.042760138010482,2.431086024812204,0.0,0.5197206735610962,0.0,2.4069215059280396,1.0394413471221924,2.4026081562042236,0.028477868607980295
002_bowl,2,rigid,0.00030482045026378966,0.5168932198969577,0.00030307738784513243,2.638065154377282,1.0356066025111277,2.6383447138403975,0.0,0.5170488655567169,0.0,2.483312964439392,1.0340977311134338,2.4837692975997925,0.15475218993789008
002_bowl,3,rigid,0.0002376740286050387,0.5205945649752389,-1.953534799195735e-05,3.584042369200504,1.041201618810615,3.57858062936553,0.0,0.5205956697463989,0.0,2.7105631828308105,1.0411913394927979,2.7085081338882446,0.8734791863696936
002_bowl,4,rigid,-0.00015342548244733482,0.5148245969598981,-8.598018126842406e-05,2.369773940790683,1.0300318363339154,2.3703476172314804,0.0,0.5148555934429169,0.0,1.8956521153450012,1.0297111868858337,1.8973859548568726,0.4741218254456818
002_bowl,5,rigid,0.0001360366706024348,0.5152949218582277,0.00032685442420611296,2.543597651056973,1.0305939163415028,2.5396695179135627,0.0,0.5152958929538727,0.0,1.9828762412071228,1.0305917859077454,1.9858048558235168,0.5607214098498501
002_bowl,6,rigid,0.00042009347417894526,0.3799067453031472,-0.001760903331775163,2.702872376229817,0.7808033497467175,2.702844506888718,0.000174790620803833,0.3799299872480333,-0.000737607479095459,1.917237937450409,0.7807028936222196,1.9170030355453491,0.7858414713433688
002_bowl,7,rigid,0.0002231323039376921,0.3892732316167695,-3.8683838046498295e-06,2.645261750760528,0.8013541316578391,2.6447942067624224,-8.195638656616211e-06,0.3892814740538597,6.186962127685547e-05,1.9182823300361633,0.7994495183229446,1.916947364807129,0.7278468419552935
003_plate,0,rigid,-0.0003539751035050815,0.5593997291638277,-0.00017879302435633006,9.189324523776142,1.1188687926189504,9.20081362899733,0.0,0.5593925416469574,0.0,7.7032670974731445,1.1187850832939148,7.722185373306274,1.486057426302997
004_fluted-block,0,rigid,1.5108504042178373e-18,0.0816158354282379,-1.5108504042178373e-18,0.20505566895008087,0.16323167085647583,0.20139166712760928,0.0,0.08161583542823792,0.0,0.20505566895008087,0.16323167085647583,0.20139166712760925,2.7755575615628914e-17
004_fluted-block,1,rigid,1.5108504042178373e-18,0.0816158354282379,-1.5108504042178373e-18,0.20505566895008087,0.16323167085647583,0.20139166712760928,0.0,0.08161583542823792,0.0,0.20505566895008087,0.16323167085647583,0.20139166712760925,2.7755575615628914e-17
005_french-fries,0,rigid,-0.0007599868528914444,0.9503055358096308,0.00047823053749709534,1.4121860594431912,1.9243489194515286,0.6544315334758573,-0.0007003247737884521,0.9502387987449765,0.00032275915145874023,1.4117229580879211,1.9239933993667364,0.6537290811538696,0.0007024523219876233
005_french-fries,1,rigid,-5.072335961174657e-05,0.949412799036794,-0.009098307713454637,1.1619234987077867,1.9326698435250913,0.6512349862695233,5.179643630981445e-05,0.9542867389973253,-0.0013103485107421875,1.1613330841064453,1.9204899375326931,0.6104394793510437,0.04079550691847955
005_french-fries,2,rigid,0.0013722613287392201,0.9204945577554728,-0.011692173055930231,1.9141256675190326,1.8932531964577377,0.5779858761244814,0.0008782148361206055,0.9235421437770128,-0.0003120303153991699,1.9120845794677734,1.8762090168893337,0.5132787823677063,0.06470709375677508
005_french-fries,3,rigid,-0.030662170441349126,0.9511016047159342,-0.0007117075407647667,1.7504202872575876,1.9296056354579005,1.16506650349632,-0.0006458163261413574,0.95085061294958,-0.03519570827484131,1.6682662963867188,1.9257876733317971,0.7616065740585327,0.4034599294377872
006_hamburg,0,rigid,0.011924610459058233,0.3351730180159126,-0.002608270505305971,2.0541782529512025,0.7078390390739012,1.9241290432014808,0.00010949373245239258,0.3354507191106677,-0.0010767877101898193,1.9326095581054688,0.7056915555149317,1.7756783366203308,0.14845070658115
006_hamburg,1,rigid,-0.005609949624198443,0.44956946904621303,0.006162735815689539,1.98505874668481,0.9715935703063876,1.9603337770338403,8.875131607055664e-05,0.45387747697532177,-0.0006347000598907471,1.9291707277297974,0.9425452388823032,1.907847821712494,0.05588801895501261
006_hamburg,2,rigid,-0.00974921826443031,0.541691665667256,0.009752129582886983,1.9238715271767093,1.118927743586727,2.016595387682408,-0.000810086727142334,0.5415810514241457,-0.003165721893310547,1.8149824142456055,1.1179828308522701,1.935174584388733,0.10888911293110382
006_hamburg,3,rigid,-0.002548948066712229,0.28741512748135567,0.003024239679898282,1.0441477334463538,0.6387310691044208,1.9274338035960685,-0.0004639625549316406,0.287087376229465,0.003127872943878174,1.0314656496047974,0.6087285373359919,1.9269123077392578,0.03000253176842893
006_hamburg,4,rigid,-1.6732859795173977e-05,0.42279722566390415,-0.004896190743713073,1.9165994579035006,0.8807707913838239,1.8927078789695493,-5.060434341430664e-05,0.4227754473686218,-0.004897803068161011,1.916385531425476,0.8800878524780273,1.8926878571510315,0.0006829389057965152
006_hamburg,5,rigid,0.0006142559542237162,0.29955836489572896,0.0008696019891576376,1.206231103674435,0.6470754162947441,1.9380270086824511,0.0015653371810913086,0.2999347476288676,-0.0003445148468017578,1.2009541988372803,0.6346075478941202,1.9264153242111206,0.01246786840062386
007_shoe-box,0,rigid,-3.4861359827879225e-08,0.12311224462160086,7.57163231006507e-08,0.3837449773574174,0.2462297110744051,0.6512750497063806,-2.9802322387695312e-08,0.12310095131397247,0.0,0.38374483585357666,0.24620190262794495,0.6512725353240967,2.780844646016467e-05
008_tray,0,rigid,4.9604565148233836e-05,0.08050610352571347,-0.00016060631929182008,1.9188980599368566,0.19524852964741723,1.1687238219174492,6.791949272155762e-05,0.0805435823276639,-0.00014519691467285156,1.9180631041526794,0.19509910605847836,1.1675821542739868,0.0011416676434623518
008_tray,1,rigid,0.0002129598969193613,0.10427735901568373,-0.000221432177022639,1.9179603875410902,0.2397474202052295,1.2044586323334041,0.00022089481353759766,0.10431734984740615,-0.00022143125534057617,1.9179202318191528,0.23966333735734224,1.2044506072998047,8.408284788724574e-05
008_tray,2,rigid,7.7502531506497e-05,0.101610056002996,-7.600462829482564e-05,1.9179480291077708,0.23807043194830763,1.3960435976964816,5.78761100769043e-05,0.10161887109279633,-5.0514936447143555e-05,1.9173994064331055,0.2380499243736267,1.3952599167823792,0.0007836809141024137
008_tray,3,rigid,4.2502842013344656e-05,0.11081986258359969,-0.00016900722806537343,1.9176602168867551,0.2569318760506849,1.4693542838926597,5.334615707397461e-05,0.11077297292649746,-0.000160902738571167,1.9176197052001953,0.25635840371251106,1.4692979454994202,0.0005734723381738416
009_kettle,102730,articulated,,,,,,,0.033335000000000004,0.3552585,0.06808350000000002,1.378758,1.3568310000000001,1.5355750000000001,1.5355750000000001
009_kettle,102738,articulated,,,,,,,5.0499999999981116e-05,0.2696635,0.15147549999999999,0.9320729999999999,1.451321,1.315845,1.451321
009_kettle,102739,articulated,,,,,,,0.004626999999999992,0.22821450000000001,0.15286300000000003,1.186794,1.415909,1.565162,1.565162
010_pen,101685,articulated,,,,,,,0.001635499999999998,-0.004835000000000034,0.013611999999999999,0.112971,1.988062,0.146702,1.988062
010_pen,101727,articulated,,,,,,,0.006172499999999997,-0.031876499999999974,0.004959500000000006,0.363883,1.958905,0.363883,1.958905
010_pen,101732,articulated,,,,,,,0.0005309999999999898,-0.029179999999999984,0.0033994999999999997,0.28422000000000003,1.936244,0.284219,1.936244
010_pen,101736,articulated,,,,,,,-0.0017640000000000017,0.061503500000000044,-0.0037970000000000018,0.152232,1.876657,0.15223199999999998,1.876657
010_pen,101748,articulated,,,,,,,-0.0010429999999999988,0.018586999999999965,0.004592499999999999,0.11699999999999999,1.97588,0.129161,1.97588
010_pen,101786,articulated,,,,,,,-0.0012455,0.11272349999999998,0.0191575,0.107959,1.772659,0.15845900000000002,1.772659
010_pen,101787,articulated,,,,,,,-0.0014765000000000056,0.06613849999999999,0.005780499999999994,0.28606299999999996,1.850069,0.286063,1.850069
011_dustbin,0,rigid,-0.01396676550460919,1.825204578475036,-0.02662350768141985,3.244133875078963,3.69362067838968,2.1979404502421405,-0.016017138957977295,1.826198486611247,-0.02443826198577881,3.231148838996887,3.6910259164869785,2.1839795112609863,0.013960938981154136
012_plant-pot,0,rigid,-0.009553103904883602,0.9343003334011575,0.02155083096929299,1.4174866994413367,1.9867257999060504,1.4827637721241125,-0.004634559154510498,0.9398177750408649,0.019556909799575806,1.3465805053710938,1.9142687544226646,1.4561263918876648,0.07245704548338572
012_plant-pot,1,rigid,2.4288933365814523e-05,0.34271241028864546,-0.0003848455664018171,1.9266486446304525,0.7177708087197564,1.2193610683812213,2.962350845336914e-05,0.34290417470037937,-0.00025260448455810547,1.926633358001709,0.7173373214900494,1.2190734148025513,0.00043348722970704134
012_plant-pot,2,rigid,0.0894751894578893,0.6720561840595687,0.008861700660528863,1.7553033920305674,1.8345946396785595,1.865375144026379,0.0068118274211883545,0.696544649079442,0.008750438690185547,1.356665551662445,1.4238889180123806,1.8493678569793701,0.4107057216661789
012_plant-pot,3,rigid,-0.039774050841374975,0.9181160846072159,-0.008674320893222615,1.2912315876060054,2.1024451980364893,1.1544484675465168,0.0048784613609313965,0.9401124380528927,0.014999061822891235,1.0728645324707031,1.9144061282277107,1.0737151503562927,0.2183670551353023
012_plant-pot,4,rigid,0.00018089605314274682,0.34147670366019744,0.00019174009783483442,1.9269686355820903,0.7193699249591399,0.9652745642087945,1.7404556274414062e-05,0.3414802411571145,-7.748603820800781e-07,1.9260962009429932,0.7177648823708296,0.9641815423965454,0.0016050425883102903
013_dumbbell-rack,0,rigid,0.00013339644241882104,0.6213952989794184,0.00012963682123757242,1.9357790082546136,1.2778503873409972,1.2649525469996232,0.00022199749946594238,0.621441493742168,4.559755325317383e-06,1.9343318343162537,1.275760630145669,1.2626563906669617,0.0022961563326615586
013_dumbbell-rack,1,rigid,-0.00020365054732018783,0.35243269319220116,-0.00022137121227659015,1.934206651805583,0.7390886737486417,0.6361580367198352,-0.00020426511764526367,0.35243120696395636,-0.00020487606525421143,1.9341846704483032,0.739083232358098,0.6361013948917389,5.6641828096282154e-05
013_dumbbell-rack,2,rigid,9.01638973096455e-05,0.9057726854971974,-0.0005344819148433643,1.9210261852966564,1.846351392896398,1.2999335405025698,0.00010138750076293945,0.9057602686807513,-0.0005702674388885498,1.9209985733032227,1.8463187608867884,1.299782931804657,0.00015060869791283515
013_dumbbell-rack,3,rigid,-0.0001843500604734623,0.7859103643363252,-0.0007093384642850679,1.9221050425749089,1.6070815785973709,0.7438633963913084,-0.0002512037754058838,0.7860247809439898,-0.0008142590522766113,1.9217410683631897,1.6067936979234219,0.7434089779853821,0.00045441840592630456
014_bookcase,0,rigid,9.716749181283979e-05,0.4852015170204847,-0.0016325177361956947,1.934088467989287,1.003968557913775,0.863969261953597,8.055567741394043e-05,0.48520672507584095,-0.0016454458236694336,1.934033215045929,1.0039347372949123,0.8638340830802917,0.000135178873305275
014_bookcase,1,rigid,-0.001869737551500328,0.44505117485194734,-6.504803532522849e-05,1.9311143512407396,0.92378674437779,0.6405932004672049,-0.0020385384559631348,0.4452695483341813,-4.3898820877075195e-05,1.930580735206604,0.9225598108023405,0.6404491662979126,0.0012269335754494515
014_bookcase,2,rigid,0.0018152499190272095,0.6699067320911886,0.0014001681795262153,1.935652197492592,1.3705144793428796,0.9449418819233476,2.3096799850463867e-05,0.6695721577852964,-0.0014292001724243164,1.9310376048088074,1.3695849515497684,0.936885416507721,0.008056465415626657
014_bookcase,3,rigid,0.0005441868749678191,0.5899161126458015,-0.0012508870610636825,1.9235270477272213,1.2143436470292195,1.5600577285518042,0.0005521774291992188,0.5899176290258765,-0.0012533366680145264,1.9234943389892578,1.214308800175786,1.5600304007530212,3.484685343346783e-05
015_laptop,10040,articulated,,,,,,,0.008009500000000003,0.15971849999999999,0.013338500000000031,1.268553,0.665073,1.439813,1.439813
015_laptop,10098,articulated,,,,,,,-0.02461000000000002,0.18821149999999998,0.23531050000000003,1.359178,0.867993,0.970959,1.359178
015_laptop,10101,articulated,,,,,,,-0.0011180000000000079,0.201563,0.06757350000000001,1.161212,0.83583,1.260307,1.260307
015_laptop,10125,articulated,,,,,,,0.013774999999999982,0.20506199999999997,0.126938,1.327688,0.833086,1.191066,1.327688
015_laptop,10211,articulated,,,,,,,0.04030350000000005,0.27182850000000003,0.058063000000000003,1.467071,0.823969,1.045554,1.467071
015_laptop,9748,articulated,,,,,,,0.016473000000000015,0.176477,0.1091355,1.331378,0.7447360000000001,1.280169,1.331378
015_laptop,9912,articulated,,,,,,,-0.0008465000000000278,0.24420450000000002,0.161787,1.104483,0.962421,1.242066,1.242066
015_laptop,9960,articulated,,,,,,,0.00035600000000002296,0.2516865,0.10810250000000002,1.163754,0.949259,1.210333,1.210333
015_laptop,9968,articulated,,,,,,,-0.008118999999999987,0.25127700000000003,0.110816,1.210694,0.949094,1.080466,1.210694
015_laptop,9992,articulated,,,,,,,0.005476500000000051,0.223419,0.09843000000000002,1.2855050000000001,0.877424,1.21733,1.2855050000000001
015_laptop,9996,articulated,,,,,,,0.007948999999999984,0.23956350000000004,0.142069,1.266562,0.967665,1.136868,1.266562
016_oven,7332,articulated,,,,,,,0.016265500000000016,-0.03965749999999996,-0.0030224999999999835,0.999493,1.602653,0.956267,1.602653
017_calculator,0,rigid,-0.0006901872972769903,0.26883891053031234,-0.029293201067338813,1.1449798656169115,0.9807345945397659,2.04740564163493,8.732080459594727e-06,0.3612096682190895,0.001037687063217163,1.1411407589912415,0.7572056502103806,1.930095374584198,0.2235289443293853
017_calculator,1,rigid,0.12185381029043271,0.20532899965447812,-0.2908155121196051,1.1266845742424139,0.40880232595486843,2.154314749438872,0.14417676627635956,0.2048343566711992,-0.29087135195732117,1.0681677162647247,0.3990003173239529,2.1255279183387756,0.05851685797768913
017_calculator,2,rigid,-4.304726844155791e-05,0.20155059325541347,-0.02255271172612791,1.4818066397672134,1.0742219585246588,2.071257845029357,-4.902482032775879e-05,0.34783405251801014,0.00044721364974975586,1.481027901172638,0.7304557524621487,1.9161843061447144,0.3437662060625102
017_calculator,3,rigid,0.025845735588641894,0.1691618451097128,0.0014333657922782595,1.6949706122765926,0.40841271479794905,2.1813056103300927,0.013205230236053467,0.1683829273097217,0.001377880573272705,1.639223337173462,0.3508352944627404,2.118846297264099,0.062459313065993616
017_calculator,4,rigid,-0.04058798431972783,0.2345551378228109,-0.4631936861235499,1.276989351879139,0.6876553470403526,2.568195912578859,-0.03389596939086914,0.28192133037373424,-0.45613691210746765,1.2296416759490967,0.5426011020317674,2.4521716237068176,0.14505424500858521
017_calculator,5,rigid,-0.0035469414424682487,0.09414929627297867,1.5122340926601983e-05,1.925708595974621,0.22283651047996095,1.081874249240303,-0.0035575032234191895,0.09415327291935682,-1.043081283569336e-05,1.9254419803619385,0.22269132174551487,1.0815019607543945,0.00037228848590853403
018_microphone,0,rigid,0.05028489977121353,0.2654320718758788,-0.007414717578860253,0.5372699797153473,0.5385611172013045,1.8984477140791343,0.05028645694255829,0.26541684567928314,-0.0041439831256866455,0.570533037185669,0.5702476799488068,1.922869861125946,0.033263057470321655
018_microphone,1,rigid,0.0004944968549279727,0.3261995017528534,0.00022526493492786015,0.5820127442092138,0.6523990035057068,1.8992549184750351,-1.8007239548090137e-05,0.32620463985949755,-0.34596355151304736,0.6136098497341688,0.6871853228658438,1.2408776006863687,0.6583773177886665
018_microphone,4,rigid,-0.00041805187576535174,0.28362059854218225,0.0003687606936126908,0.5735822842925302,0.5672410165035804,1.9001196718415645,-0.4034947979262678,0.2836493756622076,0.3292402201688107,1.1263618016618075,0.6000606007874012,1.264515613276922,0.6356040585646425
018_microphone,5,rigid,0.00823666425972823,0.21513054778146204,0.0003932922391313709,0.4310211151486387,0.43026098906774796,1.898711334778998,-9.598582983016968e-05,0.21504404116421938,0.2851258289385946,0.4632750302553177,0.4638622011989355,1.363199334197389,0.535512000581609
019_coaster,0,rigid,2.3563475055111794e-06,0.07580855658996644,-0.0002464034033889421,2.7142886972289197,0.15197807018605325,2.7142107756853155,2.682209014892578e-07,0.07585793733596802,0.0,1.927746832370758,0.15171587467193604,1.9314014911651611,0.7865418648581617
020_hammer,0,rigid,0,0,0,0.35,1.9,0.5,-5.2675604820251465e-06,-0.0004838705062866211,0.003422170877456665,0.35636498034000397,1.9302430152893066,1.4116697907447815,0.9116697907447815
021_cup,0,rigid,0.00011744983637756174,0.5084882382486132,-8.444826235722103e-05,0.9875920171285272,1.0172059744235127,0.981945382705398,0.0,0.5085098743438721,0.0,0.9543332159519196,1.0170197486877441,0.9481763243675232,0.0337690583378748
021_cup,1,rigid,0.000352012797790694,0.5082457362698545,4.2339386376548644e-05,1.1933461304654893,1.0178502204943607,1.1927735672432034,0.0,0.5083255767822266,0.0,0.8460356891155243,1.0166511535644531,0.8468632102012634,0.347310441349965
021_cup,10,rigid,0.1103893411322522,0.47362055302876627,0.10934352688198032,2.0315663544142852,0.9822578490489066,2.1991978466806374,1.3381242752075195e-05,0.4735548635944724,0.0029999613761901855,1.3359268307685852,0.9817124325782061,1.9231947660446167,0.6956395236457
021_cup,11,rigid,0.10872674539211392,0.778128917442587,0.09148061041440413,2.081834673148454,1.6314159025661026,2.2694722067821775,4.708766937255859e-06,0.7805002126842737,-0.0007925033569335938,1.3679320812225342,1.5959355048835278,1.9398925304412842,0.7139025919259199
021_cup,12,rigid,0.10872674539211392,0.778128917442587,0.09148061041440413,2.081834673148454,1.6314159025661026,2.2694722067821775,4.708766937255859e-06,0.7805002126842737,-0.0007925033569335938,1.3679320812225342,1.5959355048835278,1.9398925304412842,0.7139025919259199
021_cup,2,rigid,6.771382812568817e-06,0.5091225873038366,-0.00013730722721490648,0.9755187299860764,1.0182832823245176,0.9754839844279721,0.0,0.5091232359409332,0.0,0.6959269046783447,1.0182464718818665,0.6908286213874817,0.28465536304049044
021_cup,3,rigid,3.738724900291172e-05,0.5086309847821722,-0.0004464510059263646,1.0355500957217825,1.0181429774163893,1.032488938627902,0.0,0.5087476670742035,0.0,0.9242308139801025,1.017495334148407,0.9226498603820801,0.11131928174167993
021_cup,4,rigid,0.000276618337577085,0.5092089457672317,2.824129673251131e-05,1.2219509358070102,1.018486732196651,1.221586955499842,3.8743019104003906e-07,0.5092213451862335,0.0,1.0920316576957703,1.018442690372467,1.093292236328125,0.12991927811123993
021_cup,5,rigid,0.00015236335216860228,0.5088197493278478,0.00031918860871127337,1.0980872431351902,1.0177176620316852,1.0951076193200653,0.0,0.5088335275650024,0.0,0.993080347776413,1.0176670551300049,0.9905513823032379,0.10500689535877727
021_cup,6,rigid,0.10306096915805193,0.7229455478821167,0.11527950860109365,2.0939573610528304,1.4846563797376602,2.2229697742894494,2.7894973754882812e-05,0.723265927284956,4.1604042053222656e-05,1.3756970167160034,1.481237806379795,1.932151436805725,0.718260344336827
021_cup,7,rigid,-0.10559640239901048,0.7948225853345063,0.09572021405287737,2.090242958561088,1.6246231516025254,2.2461864083410994,7.3909759521484375e-06,0.7948256796225905,-0.00015595555305480957,1.3848509788513184,1.6244521010667086,1.9313581585884094,0.7053919797097699
021_cup,8,rigid,-0.1197855501888856,0.5645888964349203,0.08964490252390037,1.9459233269364273,1.1654729222996059,2.1886949684257875,1.3530254364013672e-05,0.5648465501144528,0.0019275546073913574,1.2687474489212036,1.1644031312316656,1.925613522529602,0.6771758780152237
021_cup,9,rigid,0.08621205224267744,0.6044130784216919,0.060575423229794735,2.051666343756513,1.243526161648068,2.155333442891493,-8.910894393920898e-06,0.6044396916404366,-0.0006411373615264893,1.3385968804359436,1.243288604542613,1.9220004677772522,0.7130694633205694
022_cup-with-liquid,0,rigid,-4.229520558876321e-05,0.9640425928984991,-5.769662352370661e-05,2.226788683129979,1.9282659609556254,2.2298133006972574,0.0,0.9640599191188812,0.0,1.8002161383628845,1.9281198382377625,1.8066566586494446,0.4265725447670943
023_tissue-box,0,rigid,0.00010224159261959039,0.5064072596376852,0.00035100610635696843,1.933069804082286,1.0492279583272084,1.1357449240908197,7.44163990020752e-05,0.5066056530922651,-5.662441253662109e-07,1.9328637719154358,1.048042956739664,1.1344282031059265,0.001316720984893216
023_tissue-box,1,rigid,1.1756931425123668e-06,0.6071423514467728,1.300754044022758e-05,1.9349071772359547,1.249432255324145,1.1206476856114496,3.5762786865234375e-06,0.6071444666013122,3.4570693969726562e-06,1.9348927736282349,1.2491252589970827,1.1203863620758057,0.0003069963270623255
023_tissue-box,2,rigid,2.43580994422182e-05,0.7123270675594164,-0.0001378927715235524,1.9349677068039692,1.4590401755144917,1.2325760102636032,8.344650268554688e-06,0.7123308330774307,-5.793571472167969e-05,1.9348493814468384,1.4589268863201141,1.2322583198547363,0.0003176904088668664
023_tissue-box,3,rigid,-2.3632909670992853e-05,0.6241766686420813,3.100992783553871e-05,1.2263089500813662,1.283185806974823,1.9342443148177997,-2.3663043975830078e-05,0.624174140393734,2.73287296295166e-05,1.2263078689575195,1.2831766158342361,1.9342349171638489,9.397653950804497e-06
023_tissue-box,4,rigid,1.5427989628170945e-05,0.5902533929589163,4.85768290610074e-06,1.907230538788436,1.2149256335413374,0.9878079396161293,5.751848220825195e-06,0.5902398722246289,-1.0609626770019531e-05,1.9071182608604431,1.21479775570333,0.9875932931900024,0.00021464642612689655
023_tissue-box,5,rigid,5.020335568796132e-05,0.7568474828413239,0.001738203322713216,1.9261469810842813,1.5527627087287108,1.1867007123640751,8.496642112731934e-05,0.7571835005655885,-5.6684017181396484e-05,1.9226184487342834,1.549076421186328,1.1756728887557983,0.01102782360827681
023_tissue-box,6,rigid,-3.5629637504977572e-06,0.5737790589658621,-0.0003640422055857191,1.4776892821474628,1.1826188921128387,1.9410647013729658,-4.1425228118896484e-06,0.5737821646034718,-0.0003816187381744385,1.477628767490387,1.1825068816542625,1.9409415125846863,0.00012318878827954904
024_scanner,0,rigid,-0.0768633528283073,0.4634547011049793,-0.008318984798050731,0.8593805745575148,1.0699315737858877,1.9985987059459176,-1.7270445823669434e-05,0.48345510102808475,-0.006756454706192017,0.6653628051280975,0.9951103143393993,1.9204276204109192,0.19401776942941729
024_scanner,1,rigid,-0.004608263604749185,0.4908452717103828,-0.007808226600344506,0.7102928924812577,1.0534337388822648,1.9575934885571753,8.13901424407959e-05,0.48981127399019897,0.006169378757476807,0.6859516501426697,0.9925489970482886,1.9176619052886963,0.060884741833976186
024_scanner,2,rigid,-0.020516590713582666,0.4093469120803495,-0.007272068023921557,0.7323284322858983,0.9518428887559505,1.9678122505003266,9.208917617797852e-06,0.4286433635279536,-0.0011981725692749023,0.6795209050178528,0.8886676672846079,1.9292638301849365,0.06317522147134258
024_scanner,3,rigid,0.003259319782272555,0.4568601975650048,-0.04090623567338091,0.6815815299843555,1.2556750236764436,2.01678899180568,0.013218820095062256,0.5116599788889289,-0.03780880570411682,0.6481643915176392,1.0546865481883287,1.965613305568695,0.20098847548811483
024_scanner,4,rigid,0.02325338259832182,0.5307778454089627,-0.12184061212308683,0.7175456203463362,1.053948250229102,2.0754647892504554,0.000694960355758667,0.5268922159448266,-0.11616405844688416,0.6285849809646606,1.0274440627545118,2.0460861325263977,0.08896063938167553
025_chips-tub,0,rigid,0.0004047939898513898,0.9467217747806066,-0.00231958802830617,1.764065073511473,1.9324678837293265,1.766982910977526,0.0013561844825744629,0.9467446487396955,0.00010275840759277344,1.2535053491592407,1.9270380176603794,1.257405400276184,0.5105597243522322
025_chips-tub,1,rigid,-0.00044157014772792545,0.9509681376317565,0.0009270156113349438,1.1769227781325144,1.9421723596860225,1.1948584027390898,-3.695487976074219e-05,0.9514610548503697,0.001181185245513916,0.817034900188446,1.9331458052620292,0.8696990609169006,0.3598878779440684
025_chips-tub,2,rigid,0.0012474517643154166,0.9485199253998922,0.002726084195028625,1.389066592839545,1.930983935979699,1.388658661661541,0.0004283636808395386,0.9481239812448621,0.001804456114768982,0.9916522800922394,1.9295705761760473,0.9933973848819733,0.39741431274730554
025_chips-tub,3,rigid,0.0019206040150916385,0.9479917188490785,-8.234342897874704e-05,0.915701440224099,1.9227762500652492,0.9113586980674706,3.959238529205322e-05,0.9479631506837904,-6.955862045288086e-05,0.6574395596981049,1.9209150625392795,0.6576554775238037,0.2582618805259942
026_pet-collar,0,rigid,-0.0005162034106438754,0.24587271516241524,-0.010732325592679419,2.4657267433349386,0.5271867107726621,2.4693715349408114,1.8298625946044922e-05,0.2398806088604033,-0.0018250048160552979,1.7028820514678955,0.5100921643897891,1.9305222630500793,0.7628446918670431
026_pet-collar,1,rigid,-0.0024587997874679036,0.27349704934927177,0.07970278498148688,2.489965677663755,0.5807843507881925,2.4912093971055587,-1.5854835510253906e-05,0.27341317292302847,-0.00012260675430297852,1.760411024093628,0.5803443361073732,1.9313145875930786,0.7295546535701272
026_pet-collar,2,rigid,0.04646675846829003,0.322729276850826,-0.11065653869964141,2.1783469477248065,0.7124164275542914,2.300954934795861,-0.016647756099700928,0.259437175700441,-0.0007953345775604248,1.4568402767181396,0.5320994216017425,1.9292187094688416,0.7215066710066669
026_pet-collar,3,rigid,0.015427485729195858,0.23058362296258095,0.08475027261426467,2.381172829915061,0.5281571668835747,2.384358427650481,0.015874028205871582,0.20677985809743404,0.005967050790786743,1.7221648693084717,0.44829412177205086,1.9191743731498718,0.6590079606065893
027_table-tennis,0,rigid,-0.00017861458660803364,0.946173901462064,-0.0002318058063136142,2.144049731485242,2.201535012848795,2.19116198536721,0.0,0.9461399018764496,0.0,1.8690908551216125,1.8922798037528992,1.9120303988456726,0.309255209095896
027_table-tennis,1,rigid,-0.00017861458660803364,0.946173901462064,-0.0002318058063136142,2.144049731485242,2.201535012848795,2.19116198536721,0.0,0.9461399018764496,0.0,1.8690908551216125,1.8922798037528992,1.9120303988456726,0.309255209095896
028_roll-paper,0,rigid,1.2236273727702012e-05,0.6851987719045183,0.0049636721692875125,1.9211721781018662,1.892615395024312,1.8946623300483725,1.2874603271484375e-05,0.6803033100441098,5.581974983215332e-05,1.9210933446884155,1.3912361171096563,1.380911648273468,0.5137506817749045
028_roll-paper,1,rigid,-3.756508708204473e-05,0.8477886409109517,0.00010826363306032094,2.0696865702452483,1.7345155931665763,2.070010211330942,1.671910285949707e-05,0.8480014326050878,-2.917647361755371e-05,1.9389079213142395,1.7309404369443655,1.9375502467155457,0.13245996461539633
028_roll-paper,2,rigid,0.15038319299835634,0.6582684141842103,0.1511094459280082,2.2306442130926816,1.3542987040204024,2.2226259171844753,0.004311859607696533,0.6583121316507459,0.00033548474311828613,1.9211727380752563,1.3514384236186743,1.37392657995224,0.8486993372322353
028_roll-paper,3,rigid,3.877323282373126e-05,0.9062725998688297,8.91114019359846e-05,2.105686805956171,1.8475539796565925,2.104863800687124,7.927417755126953e-06,0.9062745152041316,-7.241964340209961e-06,1.9376065731048584,1.8474822882562876,1.9378685355186462,0.16808023285131268
029_olive-oil,0,rigid,-7.799826178164704e-05,0.15000562555120617,-1.3624538128911524e-06,0.13258045705296734,0.305720331533414,0.14706955678093458,6.806105375289917e-06,0.14999687962699682,-1.4230608940124512e-06,0.1194242537021637,0.3054185451474041,0.136452779173851,0.013156203350803641
029_olive-oil,1,rigid,-5.001202225677304e-06,0.149983166963581,-7.994446468896276e-06,0.07703600451350213,0.3054168165410982,0.07773828900778844,-5.00120222568512e-06,0.14998490503057837,-4.732981324195862e-06,0.07703600451350212,0.3054087581112981,0.07771173492074013,2.655408704831108e-05
029_olive-oil,2,rigid,-1.3124338193820562e-05,0.15000822676903328,7.473646736479652e-06,0.10844602557309532,0.3054669808367927,0.08438835606800331,-2.041459083557129e-06,0.15000355534721166,-3.604218363761902e-06,0.10837476700544357,0.3054220618214458,0.08431712165474892,7.125856765174965e-05
029_olive-oil,3,rigid,-5.831214138897949e-06,0.1499877986206371,-9.86826824118853e-07,0.07954597848106176,0.3054235272517222,0.07957672870477221,-2.911314368247986e-06,0.14999006979633123,-3.907829523086548e-06,0.07950635626912117,0.30539705767296255,0.07953708618879318,3.964251597902979e-05
029_olive-oil,4,rigid,-1.803040504457424e-06,0.14998990981314453,-4.977381011548517e-07,0.08184728026390076,0.30540299890212497,0.08183179940745,-1.8030405044555664e-06,0.14999071054626256,-1.9855797290802e-06,0.08184728026390076,0.3053983391728252,0.08181782066822052,1.3978739229481008e-05
030_drill,0,rigid,6.778538227079395e-05,0.754020081833005,-0.005135953426361102,0.5650374591350557,1.5428152345120907,1.9240410327911377,6.778538227081299e-05,0.754020081833005,-0.005135953426361084,0.5650374591350555,1.5428152345120907,1.9240410327911377,1.1102230246251565e-16
030_drill,1,rigid,-0.00013458298810249198,0.9469662581659241,-0.0011965574622773145,0.6577950717277037,1.9289738200169606,1.9214374716018645,-2.9981136322021484e-05,0.9469585036858916,-0.0012223422527313232,0.6562097072601318,1.9286480713635683,1.9212644696235657,0.0015853644675718481
030_drill,2,rigid,-0.001665671731421797,0.9745843964093396,-0.3140098091745751,0.43865920747546117,2.5648451290909544,2.3624608950430375,7.0035457611083984e-06,0.946302205324173,-0.004044443368911743,0.42948973178863525,1.926665484905243,1.7263482213020325,0.6381796441857115
030_drill,3,rigid,-0.0016260111381555247,0.8442575614251059,0.0001980719618613819,0.5651005604680635,1.7345275575375156,1.9418387804270516,3.3855438232421875e-05,0.8423902178183198,-0.00435793399810791,0.5374866127967834,1.7194775771349669,1.9203611612319946,0.027613947671280004
030_drill,4,rigid,0.0018435174470463045,0.7035835290336395,-0.005483525089793646,0.5637520741848034,1.4438091827473774,1.9230104773532515,-0.0002773553133010864,0.7038620393723249,-0.005397439002990723,0.5565898716449738,1.4424656070768833,1.9207885265350342,0.007162202539829687
030_drill,5,rigid,0.008792454846394503,1.1800101065643611,-0.3140837851256699,0.5676706091880221,2.722296796591812,2.5798022359551194,-3.299117088317871e-05,0.9223197624087334,-0.005429893732070923,0.5315046310424805,1.8777394443750381,1.9221394658088684,0.844557352216774
030_drill,6,rigid,-0.0013810780554656813,0.9568146994166057,0.013762057089705234,0.5738272239891139,1.9490616532447893,1.6394803747173519,0.0,0.9640060067176819,0.0,0.5697734355926514,1.9280120134353638,1.5980573892593384,0.041422985458013484
031_jam-jar,0,rigid,-1.444321376546451e-05,0.948546409640446,8.428224058690102e-05,1.9313595035413595,1.9323429993429049,1.9308783263052263,-1.0460615158081055e-05,0.9484883779659867,-1.5169382095336914e-05,1.4297931790351868,1.9318058025091887,1.4264089465141296,0.5044693797910966
031_jam-jar,1,rigid,0.0005377473800327786,0.9463904147973646,-0.001177803814468835,1.8405556007500241,1.9312234895597835,1.8422378056371531,2.631545066833496e-05,0.9468770390376449,-9.316205978393555e-05,1.3022817969322205,1.9276649225503206,1.3053498268127441,0.5382738038178037
031_jam-jar,2,rigid,0.00022559853594751256,0.9512679598737362,6.300731806066539e-05,1.3928424804969302,1.9326345969348857,1.4086161927109797,0.000136643648147583,0.9513144143857062,6.189942359924316e-05,1.3825929760932922,1.9324982864782214,1.398476779460907,0.010249504403637921
031_jam-jar,3,rigid,3.133131769529629e-05,0.746779301268541,1.8318988058350767e-05,1.9351024907275043,1.5287720974134411,1.1559931347813002,-4.500150680541992e-06,0.7468446558341384,-2.35140323638916e-05,1.9349057078361511,1.5284991133958101,1.1557061076164246,0.0002870271648756084
031_jam-jar,4,rigid,1.2983233770566231e-05,0.9546132458430395,-9.816224626974604e-05,2.193151181480982,1.9428768616633754,2.19245048337904,3.993511199951172e-06,0.9545903634279966,4.318356513977051e-05,1.6247503757476807,1.9427560903131962,1.6247033476829529,0.5684008057333014
032_screwdriver,0,rigid,2.6963423256795093e-05,0.9585519863760611,0.0017151700194167996,0.4197918030030407,1.918352359655402,0.4260929738574897,0.0,0.9585481584072113,0.0,0.32214029133319855,1.9170963168144226,0.3211034834384918,0.10498949041899786
033_fork,0,rigid,0.006306729695638125,0.7365346359265317,-0.020780860566354562,0.23255886684255317,1.4804726156677814,0.19164972750138332,0.0,0.7350519299507141,0.0,0.20572282373905182,1.4701038599014282,0.14811068028211594,0.04353904721926738
034_knife,0,rigid,0.00014706707680413436,-0.00518529097648603,0.0019079088629515557,0.09775587600243035,1.4940585339120356,0.40469942084235694,9.564496576786041e-05,-0.0040412843227386475,-0.0063334256410598755,0.09758620336651802,1.4784098267555237,0.37260186672210693,0.032097554120250005
035_apple,0,rigid,0.0008172467243884321,0.03814048367178239,-0.0011298758841109897,0.09445320561549936,0.0919138697184135,0.07961105329605804,0.0,0.038093483075499535,0.0,0.07673143967986107,0.07618696615099907,0.07318054139614105,0.01772176593563829
035_apple,1,rigid,-1.4901161193906814e-07,0.03863577172160148,7.810114255840798e-19,0.07726018130779268,0.07727154344320297,0.07365814596414566,-1.4901161193847656e-07,0.038635771721601486,0.0,0.07726018130779266,0.07727154344320297,0.07365814596414566,1.3877787807814457e-17
036_cabinet,46653,articulated,,,,,,,-0.0011525000000000007,0.003988500000000006,0.016066499999999984,0.854337,1.6144949999999998,0.898833,1.6144949999999998
037_box,426,articulated,,,,,,,-0.002731499999999998,0.03537249999999999,0.019693499999999975,1.390131,0.447045,1.4963769999999998,1.4963769999999998
038_milk-box,0,rigid,-1.8365132209246787e-07,0.059757414032296965,-3.947960249474316e-05,0.06864201786017675,0.12165623772728229,0.06545235710524129,-2.5331974029541016e-07,0.059765766898635775,5.420297384262085e-07,0.06864037364721298,0.12156281701754779,0.06531130149960518,0.00014105560563611175
038_milk-box,1,rigid,7.367415897329956e-05,0.12403457675116951,0.002228965002193677,0.12530473996544564,0.2557412925012297,0.08972216929431198,6.215274333953857e-05,0.12441055476665497,0.0004169456660747528,0.12526580691337585,0.2533956468105316,0.08587879687547684,0.003843372418835145
038_milk-box,2,rigid,-5.156633363823564e-05,0.12477073520519118,8.930694457128988e-06,0.1100830096905971,0.25418474618886155,0.12185387960692179,3.1106173992156982e-06,0.1247718334197998,7.141381502151489e-06,0.10984363406896591,0.25412505865097046,0.12175930291414261,0.00023937562163119097
038_milk-box,3,rigid,6.237185993006993e-07,0.09953942236462313,-6.40466492439649e-07,0.10088529748584808,0.20274669473322768,0.10177765503408401,5.234032869338989e-07,0.0995401069521904,3.7066638469696045e-07,0.10087918117642403,0.20274101197719574,0.1017635352909565,1.4119743127510853e-05
039_mug,0,rigid,-0.10469937175518075,0.7057442722302733,0.09070936374394895,2.0892534168183463,1.4135926762082123,2.2483178533523507,0.0,0.7052082419395447,0.0,1.384053111076355,1.4104164838790894,1.933188796043396,0.7052003057419913
039_mug,1,rigid,-0.10469937175518075,0.7057442722302733,0.09070936374394895,2.0892534168183463,1.4135926762082123,2.2483178533523507,0.0,0.7052082419395447,0.0,1.384053111076355,1.4104164838790894,1.933188796043396,0.7052003057419913
039_mug,10,rigid,-0.008151165155941168,0.04994351199010654,0.006473861290457784,0.13966302447074103,0.10228475422329639,0.15396529554144958,9.741634130477905e-07,0.04992991569451988,-5.157291889190674e-05,0.09141122922301292,0.1022044294513762,0.13512542843818665,0.0482517952477281
039_mug,11,rigid,-0.007429484282471364,0.04957207991375062,0.009084294717935057,0.1796060659748724,0.1024114178323588,0.18746004966069357,-3.4775584936141968e-06,0.04956910095643252,-0.00020820274949073792,0.11844202503561974,0.10203409031964839,0.16072102636098862,0.06116404093925265
039_mug,12,rigid,-0.07371519862347072,0.7183457977381031,0.11115002476849997,2.1696425638710015,1.4372281289466504,2.230868209383164,0.0,0.7183740139007568,0.0,1.4592793583869934,1.4367480278015137,1.878274381160736,0.7103632054840081
039_mug,2,rigid,0.09576430595910669,0.6857785970010556,0.10265151713698971,2.1146395043761763,1.384304165895018,2.2421313458504333,0.0,0.6861969530582428,0.0,1.4017711877822876,1.3723939061164856,1.9281566143035889,0.7128683165938887
039_mug,3,rigid,-0.12006534584805323,0.6392566292262938,0.0809856690176491,1.9205862259796997,1.2813859228388955,2.186391050759932,0.0,0.6393648982048035,0.0,1.2617587447166443,1.278729796409607,1.9306332468986511,0.6588274812630555
039_mug,4,rigid,-0.10901879707601173,0.6844214355724815,0.08302882267897624,2.0426176308493478,1.372793985134598,2.2455130732200232,0.0,0.6849155426025391,0.0,1.3409838676452637,1.3698310852050781,1.9311516284942627,0.7016337632040841
039_mug,5,rigid,-0.0755096767576897,0.7754449134034455,0.09839947985571108,2.2597017517897493,1.5514995262326634,2.3292241777516836,0.0,0.7755378186702728,0.0,1.5223904252052307,1.5510756373405457,1.9268428087234497,0.7373113265845186
039_mug,6,rigid,-0.10614042643874394,0.8377166502121607,0.08905121595517085,2.0611274882603494,1.6772261338511762,2.2335738454446132,0.0,0.8380214869976044,0.0,1.3590967655181885,1.6760429739952087,1.9257758259773254,0.7020307227421609
039_mug,7,rigid,0.11830725894400387,0.6421133281383098,0.08536570736090063,1.9573239125982484,1.2847022776210202,2.195393467046661,1.7881393432617188e-06,0.6420685648918152,0.0,1.2895036935806274,1.2841371297836304,1.9312137961387634,0.667820219017621
039_mug,8,rigid,-0.10500269539209287,0.6930548307157816,0.08773118727248332,2.121043112824537,1.3869808287550245,2.2717968063466984,0.0,0.6930030882358551,0.0,1.4051562547683716,1.3860061764717102,1.937351942062378,0.7158868580561655
039_mug,9,rigid,-0.12883318051674075,0.7545518326148842,0.08223718988571865,1.8691481711170506,1.5101464537145355,2.1633892430205965,0.0,0.7544671297073364,0.0,1.2246553897857666,1.5089342594146729,1.9288178086280823,0.644492781331284
040_rack,0,rigid,0.0016019315492351027,0.10269426877325372,0.003127139398693541,0.13443383556241023,0.23925820094690342,0.11104472005337523,0.0,0.10803693300113082,0.0,0.12865281850099564,0.21607386600226164,0.10369256883859634,0.023184334944641782
041_shoe,0,rigid,0.0065980206682073935,0.3995635169574297,0.017788239522827452,0.7316918324700633,1.0040753611120796,1.990925121700795,0.0,0.4281071275472641,0.0,0.6973467171192169,0.8562142550945282,1.9308830499649048,0.14786110601755142
041_shoe,1,rigid,0.013916866070916032,0.4643875257008122,0.003907572336295224,0.7590664125286366,0.994900828384045,1.9799502332539052,0.0,0.46928027272224426,0.0,0.7012582123279572,0.9385605454444885,1.9320873022079468,0.05780820020067945
041_shoe,2,rigid,0.004029430793398925,0.37960728495321094,0.002576290847772916,0.7115014773015399,0.7868674602410854,1.944118170788917,0.0,0.3827320784330368,0.0,0.6897448003292084,0.7654641568660736,1.929652750492096,0.021756676972331523
041_shoe,3,rigid,0.016422861948998422,0.4763183338614629,0.013076662688513105,0.7402176484860101,1.1165498026533927,2.021976470108137,0.0,0.478959321975708,0.0,0.6727567911148071,0.957918643951416,1.91968834400177,0.15863115870197664
041_shoe,4,rigid,-0.0023454981413964463,0.44086918814989107,0.0011238352623885563,0.6884343137675306,0.9001249159111226,1.9385082664684383,0.0,0.4426408112049103,0.0,0.6692887246608734,0.8852816224098206,1.9286500215530396,0.0191455891066572
041_shoe,5,rigid,-0.0006447458245131979,0.42453541529496447,0.0036384502487962745,0.6684929439455962,0.9241723530727162,1.9667548406625155,0.0,0.42854341864585876,0.0,0.6632465124130249,0.8570868372917175,1.927613377571106,0.06708551578099864
041_shoe,6,rigid,-0.018326232741702187,0.36380844068834306,0.006021145828030514,0.7634294140765676,0.7730575906281048,1.9766308667830503,0.0,0.36714284121990204,0.0,0.6639136672019958,0.7342856824398041,1.9282669425010681,0.09951574687457176
041_shoe,7,rigid,-2.149497105096615e-05,0.3205763739982033,0.002473049476405589,0.5965027678416318,0.6934744616401813,1.6679602576361539,0.0,0.3254026472568512,0.0,0.5963232815265656,0.6508052945137024,1.6498414874076843,0.042669167126478946
041_shoe,8,rigid,9.214525403005911e-06,0.383907076186758,-0.0013151685761880905,0.6653761175234194,0.7955842107136988,1.9357270519787764,0.0,0.383363738656044,0.0,0.66535484790802,0.766727477312088,1.928266167640686,0.028856733401610768
041_shoe,9,rigid,0.005894354295778306,0.4222993807022181,-0.0037662813026897684,0.7629600459330009,0.8638279090628994,1.9469057064088695,0.0,0.41530074179172516,0.0,0.7338341474533081,0.8306014835834503,1.9249268770217896,0.033226425479449095
042_wooden_box,0,rigid,1.8292093617387687e-05,0.520833239694235,-0.00011827701050916945,2.421101776799537,1.0422885610583736,1.7943797765061824,0.0,0.5209697484970093,0.0,2.421040654182434,1.0419394969940186,1.794098973274231,0.00034906406435508686
043_book,0,rigid,0.0004504223764537053,0.025229758693723067,9.638984855515949e-05,0.16155072124664807,0.05324462121849311,0.2149714064755961,0.0004439502954483032,0.0252288751071319,0.0001014508306980133,0.16153350472450256,0.053236204432323575,0.2149607613682747,1.721652214550784e-05
043_book,1,rigid,0.00032924021182646995,0.14700182497501577,0.007178757351071089,3.03918969672834,0.3625252516624651,2.0536206477313432,0.00027686357498168945,0.14718637242913246,0.00684666633605957,3.0390456914901733,0.3482775613665581,2.052596092224121,0.014247690295907
044_microwave,7167,articulated,,,,,,,0.016908499999999993,-0.030022500000000008,0.031756000000000006,1.556767,0.930675,1.198034,1.556767
044_microwave,7310,articulated,,,,,,,-0.0047940000000000205,0.018865500000000007,-0.001311500000000021,1.31787,0.8896090000000001,1.332783,1.332783
045_sand-clock,0,rigid,0.00026878106003568617,0.9506073022248296,-0.00021093830368378255,1.6584670320219486,1.9364844871335847,1.6587386237416497,0.00033411383628845215,0.950608273036778,0.00017064809799194336,1.1869706511497498,1.93583126924932,1.1721701622009277,0.486568461540722
045_sand-clock,1,rigid,-1.938420841439e-05,0.9501348703535017,-0.00013742947051054093,2.0445646992112,1.9351896073981945,2.044507279457025,-4.2319297790527344e-05,0.9501497829332948,-0.0002041161060333252,1.4582018852233887,1.9351329635828733,1.462211787700653,0.5863628139878112
045_sand-clock,3,rigid,-2.4320835874582093e-05,0.950180495157838,0.00013342696178081457,1.1585214157670305,1.9349170438945293,1.1574041755343452,5.124509334564209e-05,0.9501804951578379,0.00019103288650512695,0.9002986252307892,1.9349170438945293,0.899258017539978,0.2582227905362413
046_alarm-clock,0,rigid,-0.00020773570828081563,0.6031587218780233,-0.016573894865058558,1.9390995690919235,1.2938917260655791,0.6759018689360853,1.0848045349121094e-05,0.613259588368237,0.003689497709274292,1.93818199634552,1.2580942418426275,0.6260111927986145,0.04989067613747078
046_alarm-clock,1,rigid,-0.0007288152734451467,0.5971999607725816,0.000231940710106195,1.9366738192230484,1.2275773387699167,0.8368172670201567,-0.0007264018058776855,0.5972028132528067,0.00023257732391357422,1.9366225004196167,1.2274595983326435,0.8365963101387024,0.00022095688145429282
046_alarm-clock,2,rigid,-0.0001927523392179866,0.7012446102919444,0.000355155960217408,1.940901518982209,1.4380953891633537,0.7050147957447227,-0.00017890334129333496,0.701334236189723,0.0005730241537094116,1.9408013224601746,1.4376032389700413,0.7045014798641205,0.0005133158806022164
046_alarm-clock,3,rigid,-4.027265393890825e-05,0.9502524472286112,0.0005318799939718162,1.847319187621111,1.9419175048988089,0.739213329974513,-4.5746564865112305e-05,0.9505485035479069,0.0002990812063217163,1.8410051465034485,1.9357712790369987,0.7368702590465546,0.006314041117662539
046_alarm-clock,4,rigid,8.126066226542744e-05,0.7446978617091762,-8.954756324058094e-05,1.93876398655177,1.524181248158552,0.6162759526152317,8.162856101989746e-05,0.7446929709985852,1.601874828338623e-05,1.9387632012367249,1.5239640679210424,0.6160465776920319,0.0002293749231998543
046_alarm-clock,5,rigid,0.002546026670022221,0.9602861382733564,-0.0009090815101397617,1.713784251894412,1.9661589517611078,1.1222893961828229,0.002531379461288452,0.9506025305017829,-0.001594841480255127,1.7129467129707336,1.9325869102030993,1.1101670265197754,0.033572041558008525
047_mouse,0,rigid,3.7305259709492264e-05,0.02497074094039059,9.254411645394204e-05,0.08733887574803681,0.0531068165916176,0.17511236586071732,2.857297658920288e-06,0.024968717189040035,9.33520495891571e-05,0.08712856471538544,0.05309102695900947,0.17499949783086777,0.0002103110326513724
047_mouse,1,rigid,-0.00021267511195013856,0.03001222985395705,3.656312854163785e-06,0.08894683701131277,0.06275956958918794,0.1562973142373011,-2.898275852203369e-06,0.03000795468688011,-3.5017728805541992e-06,0.08784499764442444,0.06274779140949249,0.15570519864559174,0.0011018393668883325
047_mouse,2,rigid,-8.54538385642984e-06,0.05998442573640415,-0.00045400038789622667,0.19187772828314695,0.12605462112959806,0.3322205044454758,-1.1529773473739624e-05,0.05997831199783832,-0.0004514232277870178,0.19183903187513351,0.1259672527667135,0.3322037011384964,8.736836288456007e-05
048_stapler,0,rigid,0.00043910456981334305,0.464660173592654,-0.002362387269361781,0.4583310037673743,0.9663434586539366,1.9283137957960963,0.00017137080430984497,0.45722756814211607,-0.001095205545425415,0.4573059529066086,0.9476129207760096,1.9232288002967834,0.018730537877927
048_stapler,1,rigid,-0.003574532616488556,0.4020696979005188,-0.000134050251741412,0.5939612008559904,0.8441623000349452,1.9171812412805342,-0.0002574026584625244,0.40248924400657415,-8.979439735412598e-05,0.5863803625106812,0.8374158162623644,1.9170871376991272,0.007580838345309204
048_stapler,2,rigid,-0.002274792813998782,0.4002737189751239,-0.0005212418985722928,0.4713785744481937,0.8358827283352241,1.9249181574327754,1.0699033737182617e-05,0.40046276338398457,-0.00027063488960266113,0.46411311626434326,0.8349517248570919,1.9227089285850525,0.007265458183850437
048_stapler,3,rigid,0.0018344235247524112,0.4395426130941323,-0.0020338751688269196,0.3410658664071825,0.9296179296627711,1.9302978237465833,0.0021036118268966675,0.44297606591135263,-0.0008193850517272949,0.3393847346305847,0.9203712772578001,1.9271249771118164,0.009246652404971023
048_stapler,4,rigid,-0.004455442899849662,0.48176353571938607,-0.0003283267226336928,0.6623881946516006,1.0101186351928564,1.9299781860929706,-5.263090133666992e-05,0.48276722617447376,-0.00019091367721557617,0.6521053910255432,1.000320192426443,1.9296529293060303,0.01028280362605738
048_stapler,5,rigid,-0.00030622194431527704,0.33604817454756686,-0.0012446627426975388,0.40815700553843975,0.7111183446017296,1.9292999038896659,3.283470869064331e-05,0.33623030688613653,-0.0016189813613891602,0.40574200451374054,0.7065241951495409,1.9278548955917358,0.004594149452188723
048_stapler,6,rigid,0.0017518197202793433,0.35183034579050304,-0.00020456544051016736,0.74581458923885,0.7470083561782818,1.9364970921012459,5.008280277252197e-05,0.3529520323500037,0.0001087486743927002,0.7403086721897125,0.7407361883670092,1.9349283576011658,0.0062721678112726
049_shampoo,1,rigid,5.916015680797865e-05,0.9509434170080846,0.0035136663171951997,0.7828524509552217,1.9384842788855146,0.49115980249146524,1.8268823623657227e-05,0.9510091952979565,0.0024982690811157227,0.7818013429641724,1.9356435909867287,0.48408547043800354,0.007074332053461696
049_shampoo,2,rigid,0.0006037329650250106,0.9504604626881581,0.0002286282382692763,0.700294094481695,1.9353534906609475,0.4375149138128556,0.0004798620939254761,0.9504608949646354,6.199628114700317e-05,0.6997738182544708,1.9350836593657732,0.4366311579942703,0.0008837558185852967
049_shampoo,3,rigid,0.00018452516622251912,0.950905892249378,6.445352696752492e-05,0.5809536148362155,1.9357081749509626,0.5074656663740997,0.00017742812633514404,0.9509065104648471,7.405877113342285e-05,0.58072629570961,1.935685882344842,0.5071724057197571,0.000293260654342653
049_shampoo,4,rigid,-0.00026696238332613693,0.950395631899677,8.464848746141719e-05,1.1637013063139712,1.9362212676193984,0.8363004639005138,-2.536177635192871e-05,0.9503829311579466,0.00010189414024353027,1.1096511483192444,1.9351921416819096,0.755450963973999,0.0808494999265148
049_shampoo,5,rigid,0.00017664643246408397,0.9506279666039529,0.00021986625164432838,0.9660028478206237,1.9364200838483332,0.5929619637785435,9.98377799987793e-06,0.9506410527974367,-1.703202724456787e-05,0.9647191166877747,1.9355573318898678,0.5917135179042816,0.0012837311328490753
049_shampoo,6,rigid,0.0004253143198627546,0.9503868932627929,-0.0003954741387503448,0.9726943218093641,1.9371916406929626,0.8434662099216026,8.493661880493164e-06,0.9504111567512155,-0.0003679543733596802,0.9690670967102051,1.9356497209519148,0.8426516950130463,0.003627225099159026
049_shampoo,7,rigid,-0.00039296381882338645,0.9484448404837601,2.4681285779014683e-06,0.8518450116046155,1.9476744186046426,0.6139695975477379,-0.005880400538444519,0.9498962052166462,3.553926944732666e-05,0.8388706147670746,1.9346111044287682,0.6135925352573395,0.013063314175874474
050_bell,0,rigid,5.9123290448562685e-05,0.6583665104244772,0.00011460309493964425,2.6062153508915715,1.3512622824846536,2.6047822115776125,0.0005781948566436768,0.6583492970094085,0.00015971064567565918,1.9284021258354187,1.3511740732938051,1.9232937693595886,0.6814884422180238
050_bell,1,rigid,8.667908080472183e-05,0.6445632287777463,0.0006842777984963255,2.5883968548477228,1.3250785247084105,2.5887140724986057,2.1219253540039062e-05,0.6446568723767996,-0.0005562007427215576,1.9198172092437744,1.3241169936954975,1.9200716614723206,0.6686424110262852
051_candlestick,0,rigid,0.0010351450010628643,0.8598905080310024,-0.0006117094672224191,2.212402737751695,1.7518845041669002,2.2347654747217547,0.0008681118488311768,0.8598853079602122,0.00019490718841552734,1.7986816763877869,1.7517219129949808,1.7402291297912598,0.4945363449304949
051_candlestick,1,rigid,0.0004031973028930679,0.9509226074442267,0.0001634957337149341,0.6596709771048729,1.9364368934184313,0.6560126615960136,0.00045669078826904297,0.9509226074442267,0.0001706331968307495,0.6595234274864197,1.9364368934184313,0.6558714210987091,0.00014754961845320214
051_candlestick,2,rigid,0.0010847877057037433,0.9479728619615323,0.00010732737166307083,1.7298878787929577,1.9292659683563256,0.7025916732701766,0.0008928477764129639,0.9479800034314394,-0.0001659691333770752,1.7181387543678284,1.929019059985876,0.6668698787689209,0.03572179450125568
051_candlestick,3,rigid,0.0013227292179324344,0.9461982576176524,-0.001531800166139386,1.7838687882339772,1.9269089046865702,1.7838781548609377,0.0013237297534942627,0.9461982576176524,-0.0014114081859588623,1.6064768433570862,1.9269089046865702,1.6117975115776062,0.17739194487689103
051_candlestick,4,rigid,0.0003938473105309447,0.863725708415991,0.0005161092988164855,1.9881776638117485,1.7614790099758113,1.1090781454731782,0.0003871619701385498,0.8637183466926217,-7.654726505279541e-05,1.9080056548118591,1.7614198606461287,0.7225179374217987,0.3865602080513795
052_dumbbell,0,rigid,-0.0001421006861180761,0.4636428416103534,9.750744792202968e-05,1.2201282717780224,1.2312196648018023,1.9353235276149414,-0.00011304020881652832,0.4635830270126462,0.00010198354721069336,0.9301048517227173,0.9601651933044195,1.9350266456604004,0.2900234200553051
052_dumbbell,1,rigid,0.0001300614658802222,0.3413285365089142,0.0001454236754103391,1.9394666374245388,0.7209576770206916,0.6728295301522319,0.00012990832328796387,0.3414257634431124,0.00017745792865753174,1.939465582370758,0.7168530486524105,0.6672497093677521,0.0055798207844798275
052_dumbbell,2,rigid,0.000712039788859261,0.34018219813798606,0.00010887677191830501,0.6334912913876801,0.7150486190316825,1.9356890850939132,0.0006368756294250488,0.3401763802394271,8.240342140197754e-05,0.6328504681587219,0.7148390281945467,1.9356077313423157,0.0006408232289581983
052_dumbbell,3,rigid,0.00035342916695144436,0.46530494503507724,0.00021179962486540802,1.2883893169191305,1.2880188863701192,1.9340572239462002,0.00024087727069854736,0.46554301772266626,0.00022125244140625,0.9612337648868561,0.9643433373421431,1.9340239763259888,0.3271555520322744
052_dumbbell,4,rigid,7.33128611324234e-05,0.4047941801878378,9.931813062451637e-05,1.940738445755435,0.8444769243775794,0.7679063683584944,6.750226020812988e-05,0.4048062302172184,9.074807167053223e-05,1.9406800866127014,0.8440323397517204,0.7672992944717407,0.0006070738867536285
052_dumbbell,5,rigid,6.675157493552214e-05,0.34384541443460737,0.00014397904382918797,1.9330375295346207,0.7279184917284971,0.7241021605442021,6.67572021484375e-05,0.3441281048581004,3.485381603240967e-05,1.9330345392227173,0.7229354921728373,0.7193015515804291,0.004982999555659839
052_dumbbell,6,rigid,0.00041117730917429016,0.27815709280530854,2.60943226850333e-05,1.9326910228941647,0.5911897477902839,0.6147968015547597,0.00041106343269348145,0.27806439250707626,2.6911497116088867e-05,1.9326899647712708,0.5903422385454178,0.6139817833900452,0.0008475092448660959
053_teanet,1,rigid,-0.13189116027970382,0.35315709812801077,0.07988847574181232,1.7553243304047639,0.739918516644446,2.1185074730858315,0.0004119873046875,0.3530522482469678,-0.0003662705421447754,1.1417591571807861,0.7392724957317114,1.9098042249679565,0.6135651732239777
053_teanet,4,rigid,-0.10329495519020904,0.25273760324290084,0.01890517186863247,1.2928093139217613,0.5759617797238026,2.029676474569933,8.71419906616211e-05,0.2573274988681078,-0.0053168535232543945,0.8459748029708862,0.5480811558663845,1.9176702499389648,0.4468345109508751
053_teanet,5,rigid,0.07612371208563565,0.323413495402293,-0.01586401961492846,1.4786718049813548,0.7890160690080918,2.1363706456526863,2.2172927856445312e-05,0.347288703545928,-0.002015024423599243,1.0357682704925537,0.7287991531193256,1.9074144959449768,0.44290353448880104
053_teanet,6,rigid,0.12909745169502793,0.24391295336669458,-0.052223745321458286,1.622123802571808,0.5251928837217864,2.1061546680211354,-0.00011798739433288574,0.24404723662883043,0.0006077587604522705,1.0767194628715515,0.5228843446820974,1.9154197573661804,0.5454043397002566
053_teanet,7,rigid,0.09336626855702493,0.2577171491206224,-0.02904222984658641,1.5578793925269427,0.5531345266421003,2.0706897430439497,-1.3485550880432129e-05,0.2573934020474553,0.004448562860488892,0.9950381815433502,0.5495312567800283,1.9214616417884827,0.5628412109835925
054_baguette,2,rigid,-0.00016587457202348055,0.024263527407190677,0.0007942547434083247,0.0649162587331409,0.05736417811639355,0.2765117865596417,3.351643681526184e-05,0.024509764974936843,0.0007690936326980591,0.06278973072767258,0.05397990392521024,0.2761959433555603,0.003384274191183312
054_baguette,3,rigid,-7.5502921720201e-05,0.04412860101027524,1.4408498615894418e-05,0.16172872038119537,0.1594319283802676,0.40102112045581095,-6.583519279956818e-05,0.049751549726352096,1.134723424911499e-05,0.1251273714005947,0.10658839391544461,0.40075816214084625,0.05284353446482298
055_small-speaker,1,rigid,-6.161084268732919e-06,0.05000002085274026,-9.299414479528814e-06,0.10211765412274496,0.10184123355452496,0.10180110732275513,-6.370246410369873e-06,0.050000159069895744,-9.045004844665527e-06,0.10211681574583054,0.1018381305038929,0.10179930180311203,3.1030506320584017e-06
055_small-speaker,2,rigid,2.83233071337692e-05,0.04985783561682593,-1.5585987028692977e-05,0.14547638428347773,0.10195402506507217,0.1454766275163957,-4.302710294723511e-07,0.04985134373418987,-2.28099524974823e-05,0.11705220863223076,0.10179188707843423,0.11681147664785385,0.02866515086854185
055_small-speaker,3,rigid,3.7883970768728497e-06,0.05017171956257753,-9.428661548657669e-05,0.1653243554583149,0.10267707903370489,0.08433962587384243,4.630535840988159e-06,0.05016791570233181,-9.240955114364624e-05,0.16530606895685196,0.10263787710573524,0.08427197486162186,6.765101222057368e-05
056_switch,100880,articulated,,,,,,,-0.0071249999999999925,-0.043803999999999954,-0.10663899999999998,1.0727220000000002,1.607332,1.6911740000000002,1.6911740000000002
056_switch,100901,articulated,,,,,,,0.005034499999999997,0.0031589999999999674,0.031974999999999996,1.261237,1.589632,0.199646,1.589632
056_switch,100905,articulated,,,,,,,-0.002691999999999972,-0.021076499999999998,0.029437500000000005,1.2541039999999999,1.580641,0.198517,1.580641
056_switch,100906,articulated,,,,,,,-0.01260349999999999,0.01017499999999999,-0.089421,1.389805,1.3898039999999998,0.5766720000000001,1.389805
056_switch,100907,articulated,,,,,,,-0.008326,0.024428000000000005,-0.09775700000000004,1.107252,1.346072,1.4755340000000001,1.4755340000000001
056_switch,100914,articulated,,,,,,,0.015172999999999992,0.0023839999999999972,0.047259999999999996,1.460718,1.4256000000000002,0.22666999999999998,1.460718
056_switch,100933,articulated,,,,,,,-0.0025864999999999916,0.011207999999999996,0.033739000000000005,1.3544990000000001,1.443174,0.193746,1.443174
056_switch,100937,articulated,,,,,,,-0.0064870000000000205,-0.013569999999999971,0.0920135,1.518724,1.297274,0.32288900000000004,1.518724
057_toycar,0,rigid,-0.00012277649115101561,0.5149357156603971,0.0011016024777460213,1.196268209744446,1.0579690391873373,1.932249344726961,-4.094839096069336e-05,0.5148785393685102,0.0011011958122253418,1.1959308385849,1.0571264661848545,1.9319581985473633,0.0008425730024828049
057_toycar,1,rigid,-0.0007511764279016815,0.25530537696191535,-0.004865423896492357,0.8911942186781482,0.5446875860098849,1.917705089958756,-7.931888103485107e-05,0.25541152991354465,-0.00494655966758728,0.8866253197193146,0.5425519458949566,1.915681540966034,0.0045688989588336115
057_toycar,2,rigid,0.0008042372350712881,0.44367228540589154,-0.0022135190337304726,0.9569975177236952,0.9303015887015496,1.9237843296463348,4.200637340545654e-05,0.4450061125680804,-0.0015604794025421143,0.9527097046375275,0.9213370475918055,1.9205273985862732,0.008964541109744095
057_toycar,3,rigid,-0.007734476273535793,0.240714870868904,5.81667167184431e-05,0.9538807762609455,0.5117570101336121,1.9367751800934667,3.063678741455078e-05,0.2407124051824212,-0.00016164779663085938,0.8953636288642883,0.5117493253201246,1.9101146459579468,0.05851714739665714
057_toycar,4,rigid,7.401239537084252e-05,0.48029938099492536,-0.005151175765984537,1.0743722894590406,0.9933184318086288,1.9230925419851408,-2.1189451217651367e-05,0.4802302848547697,-0.00505983829498291,1.07403963804245,0.9926155544817448,1.9226398468017578,0.0007028773268840105
057_toycar,5,rigid,0.0004263048242440109,0.4097450621422753,-0.0007482992472212057,1.028886914684269,0.8506575803164226,1.9308842307663177,-3.597140312194824e-05,0.4097063518129289,-0.0007438361644744873,1.0274412035942078,0.8505257414653897,1.9300516247749329,0.001445711090061197
058_markpen,0,rigid,0.001600882710645682,0.9435000118639028,-0.0029996938469867202,0.2876811671682136,1.923597982144208,0.30322782473812704,0.0002571195363998413,0.943558182567358,-0.001992281526327133,0.20506292581558228,1.9211714938282967,0.2144831046462059,0.08874472009192114
058_markpen,1,rigid,-0.0004233567097900184,0.9410815710198145,0.007317007340678664,0.29340842544047496,1.9167568818923324,0.29403222245179156,9.566172957420349e-05,0.9410851895809174,-0.0002929307520389557,0.20831295102834702,1.9165578484535217,0.21438954025506973,0.08509547441212795
058_markpen,2,rigid,0.0014425808704622567,0.9544425572053072,0.015602454100075302,0.3806731591545719,1.9221093636602675,0.36177732600549606,0.00015800446271896362,0.9544160468503833,0.0037550032138824463,0.2531113475561142,1.9179971013218164,0.27368220686912537,0.1275618115984577
058_markpen,3,rigid,-0.005258713940368777,0.9562251987624938,0.006935423570621463,0.2867901174180948,1.9228853212694688,0.29720770438649274,0.000194646418094635,0.956281702267006,-0.0017440207302570343,0.20222780108451843,1.921820321585983,0.21787909418344498,0.08456231633357636
058_markpen,4,rigid,0.0004107671484225656,0.9523497819438956,-7.009326980695244e-06,0.23877854016690328,1.9311893878636317,0.2571421381053268,0.00026543810963630676,0.9523478476330638,6.76959753036499e-05,0.23687247186899185,1.93112569488585,0.2552000880241394,0.0019420500811874186
058_markpen,5,rigid,9.894373841902028e-05,0.9500237715154933,0.0013262739191911867,0.23511447529608445,1.9348315578632636,0.26679514328260145,0.00020779669284820557,0.950028826482594,0.0014196336269378662,0.23449476063251495,1.9347573723644018,0.2664259076118469,0.0006197146635694983
059_pencup,0,rigid,0.0012520257907632718,0.947380979781507,-0.0032070191692552433,1.6315281088192464,1.9447216781011036,1.6389711617028964,0.00043886899948120117,0.9473916226997972,0.0007216036319732666,1.156643033027649,1.9290576111525297,1.1534882187843323,0.4854829429185641
059_pencup,1,rigid,3.7838675184216594e-05,0.9516455330585816,3.1791645610504557e-06,1.7120337696023542,1.9382512672835315,1.7009931031907268,8.314847946166992e-06,0.9516462190076709,-3.5822391510009766e-05,1.7106919884681702,1.9382495675235987,1.6997395753860474,0.001341781134184039
059_pencup,2,rigid,0.0021560906296659247,0.9442408869829467,-0.00012849324677398138,0.96801874607858,1.923337118858369,0.9588426716132825,0.002118825912475586,0.9442375935614109,-7.98255205154419e-05,0.9678271412849426,1.923228733241558,0.958562582731247,0.00028008888203556737
059_pencup,3,rigid,0.0016713749570424895,0.9491198126268577,0.0012107621607305296,0.9056304705858614,1.9390751394071795,0.9084789784439398,6.54458999633789e-05,0.9478377737104893,0.0017856806516647339,0.8531724810600281,1.927575223147869,0.8631896078586578,0.05245798952583336
059_pencup,4,rigid,0.00045330334432171275,0.9426420431602313,-0.0007983101419015076,1.1773977597605036,1.9198649812026605,0.9653368501224473,0.0003482401371002197,0.9426785688847303,-0.0005117058753967285,1.1760240197181702,1.9195046462118626,0.9633292555809021,0.002007594541545199
059_pencup,5,rigid,-0.00017798971418699685,0.9504971959015499,-3.021927887358544e-05,1.5927169864165873,1.9363459489761423,1.5891275520419432,-0.00018551945686340332,0.9505549184978008,-0.00020879507064819336,1.592688500881195,1.9359577670693398,1.5887449979782104,0.0003881819068025649
059_pencup,6,rigid,2.580472511399157e-06,0.9385873522537596,0.014197163383322437,0.907221038564522,1.9263546559215319,1.2775259841214672,3.470480442047119e-05,0.9363374700769782,0.010597288608551025,0.9067427814006805,1.9072406310588121,1.2698760032653809,0.019114024862719736
060_kitchenpot,100015,articulated,,,,,,,-0.003498000000000001,0.09072200000000002,0.02599849999999998,1.809158,0.833824,1.216605,1.809158
060_kitchenpot,100023,articulated,,,,,,,-0.017264,0.023282499999999984,0.02190599999999998,1.964862,0.9571609999999999,1.462126,1.964862
060_kitchenpot,100038,articulated,,,,,,,-0.019708500000000018,0.07797149999999997,0.006350499999999981,1.907549,1.070997,1.4074010000000001,1.907549
060_kitchenpot,100051,articulated,,,,,,,0.023775999999999964,0.10746300000000003,-0.006547999999999998,2.040396,1.308096,1.536274,2.040396
060_kitchenpot,100057,articulated,,,,,,,0.018184499999999992,0.0933975,-0.005570999999999993,1.9950489999999999,1.126841,1.435908,1.9950489999999999
060_kitchenpot,100058,articulated,,,,,,,0.023202,-0.0005564999999999598,-0.04214899999999999,1.854006,1.145351,1.455134,1.854006
060_kitchenpot,100060,articulated,,,,,,,0.02250204522964061,0.07553699972433375,0.020860084434458248,1.9480906698885654,1.4585819946770218,1.3866049585155413,1.9480906698885654
061_battery,0,rigid,-0.0001970148856390551,0.28036685078979157,-0.0020748224105950975,1.9160546978102395,0.827146169577347,0.827146236867567,-0.00019681453704833984,0.27903492469340563,0.001399502158164978,1.9159475564956665,0.5918153282254934,0.5870179235935211,0.24012831327404593
061_battery,1,rigid,-0.000866080997152461,0.9504896417759251,-0.002523999540138052,0.8204381691012866,1.9380886315053825,0.826409154204805,3.986060619354248e-05,0.9507469218224287,0.004239141941070557,0.6183843910694122,1.9350370801985264,0.6290850043296814,0.2020537780318744
061_battery,2,rigid,0.0001882245941987777,0.48346011091617297,-3.291482769017282e-05,1.9352359048742749,1.084166332133496,1.1614903344433232,0.0001888871192932129,0.4835243811830878,6.821751594543457e-05,1.9352149963378906,0.9995856303721666,1.0859232544898987,0.08458070176132937
061_battery,3,rigid,-6.557543920186689e-05,0.9502809336933348,-0.005044096016169231,0.6320464635580747,1.9373269262610022,0.6350173560531948,0.0001291036605834961,0.9502753103151917,0.0008685365319252014,0.45186033844947815,1.935286981984973,0.45646388828754425,0.18018612510859655
061_battery,4,rigid,1.0282846220170794e-05,0.9209277259518219,0.00377478337123831,1.5431582357518134,1.8847062531516063,1.1256974968094047,2.384185791015625e-05,0.9199373899027705,0.0004736781120300293,1.5431071519851685,1.8730632904917002,1.1135694980621338,0.012127998747270885
061_battery,5,rigid,4.884948902472951e-05,0.35253597931063596,-6.955681112795138e-05,1.9350858307600787,0.7427048999023209,0.7534944322729168,3.0219554901123047e-05,0.3525718655437231,2.2083520889282227e-05,1.9349106550216675,0.7387098856270313,0.7491134405136108,0.004380991759305952
062_plasticbox,0,rigid,-4.4522991925863573e-07,0.35751156515944604,-0.00010526409156417916,1.9313583325427346,0.7498203041034985,1.512414713678722,1.9848346710205078e-05,0.35750244837254286,-0.00014466047286987305,1.9309720993041992,0.7496578935533762,1.5119545459747314,0.00046016770399059936
062_plasticbox,1,rigid,-0.00010391558575713695,0.33985053049706676,6.878329721449512e-05,1.9526981410892312,0.7031186743544642,1.9529276560273572,-0.0001004934310913086,0.3399058114737272,-0.0002697408199310303,1.9175554513931274,0.7029559351503849,1.9177411198616028,0.0351865361657544
062_plasticbox,10,rigid,0.00025091595029281,0.4110040676826468,-0.002348219480386903,1.939270923320365,0.8745606467035919,1.4469228149250368,-5.882978439331055e-05,0.4102744460105896,9.98377799987793e-06,1.9381722211837769,0.8554266691207886,1.4411140084266663,0.01913397758280333
062_plasticbox,2,rigid,4.077534074931752e-05,0.54234044624491,-7.246972706694113e-06,1.9351303806867404,1.119399589066565,1.9347189040131754,4.711747169494629e-05,0.5423438437283039,-5.453824996948242e-06,1.935016930103302,1.1193797811865807,1.9346086382865906,0.00011345058343836811
062_plasticbox,3,rigid,8.53964166277295e-05,0.35749231095755735,-0.0005442458978014377,1.9129906760725306,0.7499974075243221,1.5508153443120247,6.020069122314453e-05,0.3574689356610179,-0.000532686710357666,1.9128295183181763,0.7495987955480814,1.5506912469863892,0.00039861197624069256
062_plasticbox,4,rigid,-0.00028046343465101847,0.45133676024504327,-0.0014355435420069162,1.9278419439487362,0.9411771222452194,1.4638626048229746,-1.5348196029663086e-05,0.44975194334983826,-0.00017157196998596191,1.927082598209381,0.9342725872993469,1.460872232913971,0.006904534945872509
062_plasticbox,5,rigid,4.931113959329098e-05,0.36083944298300663,6.614537966256237e-05,1.9360274211990727,0.7574170110463232,1.3940547421029632,4.0531158447265625e-06,0.36093954648822546,1.2725591659545898e-05,1.934905767440796,0.7565019447356462,1.3930866122245789,0.001121653758276775
062_plasticbox,6,rigid,-0.0002080546671873017,0.39500914624562955,6.016845940707415e-06,1.9343531118845536,0.824856486447267,1.3235175120929648,-0.00021412968635559082,0.3950031092390418,4.9173831939697266e-06,1.934336245059967,0.8248278517276049,1.3235010504722595,2.8634719662079533e-05
062_plasticbox,7,rigid,-2.1989761261860667e-05,0.3518599253289907,1.0809026280598179e-05,1.9347625152015928,0.7391648252775198,1.1056024881363289,8.285045623779297e-06,0.3518365668132901,1.8596649169921875e-05,1.9341528415679932,0.7382628824561834,1.1048004627227783,0.0009019428213363767
062_plasticbox,8,rigid,3.074115070465571e-05,0.6293139646888171,9.146709733389402e-05,1.9420805478440124,1.2938688362700006,1.5018007768954698,4.8726797103881836e-05,0.6293880054727197,8.165836334228516e-06,1.9419623017311096,1.2937030177563429,1.501579761505127,0.0002210153903428047
062_plasticbox,9,rigid,-0.0001516143596110932,0.44008979664098224,-0.00029338080533457793,1.9225718521083666,0.9162400020625658,1.3325037538028495,-5.6862831115722656e-05,0.4400304788723588,-8.323788642883301e-05,1.9220404624938965,0.9148718845099211,1.3309833407402039,0.0015204130626456092
063_tabletrashbin,0,rigid,-3.9290679644575636e-05,0.8077206967293258,6.041311765647821e-05,1.9421711932993866,1.6504059063423697,1.9280554699225365,-1.6629695892333984e-05,0.8077206220477819,5.8770179748535156e-05,1.9411042928695679,1.6503654308617115,1.9270358085632324,0.001066900429818718
063_tabletrashbin,1,rigid,-0.0004435157716383478,0.9406316191666303,0.00031876622482215775,1.9318189286708147,1.9164118614182832,1.8690911122036684,-1.84476375579834e-05,0.9406560398638248,7.492303848266602e-05,1.9308531880378723,1.9151149317622185,1.8685367107391357,0.0012969296560647603
063_tabletrashbin,10,rigid,8.20329899926795e-06,0.9509102239109071,-2.2381622245665595e-05,1.2204426114802578,1.9368054551589649,1.2203078203506112,8.434057235717773e-06,0.9509087400510907,-1.1473894119262695e-05,1.2202654480934143,1.9367941226810217,1.2201113104820251,0.0001965098685861033
063_tabletrashbin,2,rigid,4.4936810041976865e-06,0.9502809756633744,0.00045011322671893104,1.8262034962909295,1.9350681104244698,1.8262620323866865,1.5795230865478516e-05,0.9502660166472197,0.00047409534454345703,1.466420292854309,1.9349715448915958,1.289318323135376,0.5369437092513105
063_tabletrashbin,3,rigid,-2.8107655003010395e-05,0.8807016370720407,6.484014490418827e-05,1.9288573396042128,1.7965853040630282,1.9264705660560613,0.00016373395919799805,0.8806646391749382,5.2362680435180664e-05,1.9268157482147217,1.7959801107645035,1.9248120188713074,0.0020415913894911153
063_tabletrashbin,4,rigid,-5.650520324711914e-05,0.9501746532449181,-5.886286964319582e-05,1.5569151639938354,1.9354811568578358,1.5647443756311445,-5.650520324707031e-05,0.9501715144142509,-7.292628288269043e-05,1.5569151639938354,1.9349474031478167,1.5646156668663025,0.0005337537100191803
063_tabletrashbin,5,rigid,0.0002879867568886993,0.95038201935613,-7.76780576526587e-06,0.9986316947052065,1.9353419894921422,1.3845668922559866,8.915364742279053e-05,0.9503440568223596,-4.729628562927246e-05,0.9978887736797333,1.9352107625454664,1.3839320540428162,0.0007429210254732421
063_tabletrashbin,6,rigid,0.00041339146658438825,0.46606990537174714,-0.00010327486227312649,1.9179088604262087,0.9660105015495958,1.3093744258308326,0.0004100203514099121,0.46597474720329046,-9.799003601074219e-05,1.9117963314056396,0.9654009360820055,1.3003945350646973,0.008979890766135368
063_tabletrashbin,7,rigid,4.485251585806265e-05,0.9511320331558042,0.00021164109603199712,2.039125209290758,1.935953388953288,2.039115750445006,3.358721733093262e-05,0.9511334151029587,7.995963096618652e-05,1.4447508454322815,1.9359468519687653,1.4430291056632996,0.5960866447817064
063_tabletrashbin,8,rigid,1.5410839511315418e-05,0.9567411603584076,0.00023428910446241197,1.3845046685563718,1.937000048161356,1.384984442495657,7.957220077514648e-06,0.9567371909506619,-5.751848220825195e-06,1.3844318985939026,1.936606108210981,1.384423315525055,0.0005611269706020661
063_tabletrashbin,9,rigid,-0.0004161702943060182,0.9540485295537409,0.0001267465055401165,2.1281005162323723,1.9449240082400672,2.1316048507637455,-0.0001004934310913086,0.9541110573336482,0.0006607770919799805,1.5810331106185913,1.9430781248956919,1.5823280811309814,0.5492767696327641
064_msg,0,rigid,-0.0011824886882045832,0.9498141179189029,0.002516319751173964,0.877548218724257,1.9405618106089606,0.8766473032068662,-9.104609489440918e-06,0.9501610100269318,7.969141006469727e-05,0.8720597922801971,1.934975802898407,0.8680581450462341,0.008589158160632104
064_msg,1,rigid,-0.003687779632468076,0.9526501860478408,0.000541317092628263,1.9476339327956191,1.9498842029294008,1.9477645907760641,8.162856101989746e-05,0.9528481122106314,0.00010091066360473633,1.5369500517845154,1.940668273717165,1.5510993003845215,0.41068388101110376
064_msg,2,rigid,2.8499477956659533e-05,0.9505042078926089,3.352583662728945e-05,0.9138094250746587,1.9349090888090248,0.8941203674654424,-1.4975666999816895e-05,0.950504207983613,-7.033348083496094e-06,0.9113557636737823,1.934903334826231,0.8916055560112,0.0025148114542424826
064_msg,3,rigid,0.0005971345535879197,0.9466916228182232,0.000518229114150817,1.3574263272460365,1.9283860331767155,1.356730609563736,4.813075065612793e-06,0.9466629959642887,0.0001828521490097046,0.9691795408725739,1.927677921950817,0.9682904183864594,0.3884401911772766
064_msg,4,rigid,-1.1143454929575573e-05,0.948682946963286,-0.0005891153390449898,1.631046986625886,1.933745582671555,1.63150990148181,-1.9937753677368164e-05,0.949010188691318,-0.0006521642208099365,1.2106665968894958,1.9326223228126764,1.207925021648407,0.423584879833403
064_msg,5,rigid,4.282228845103343e-05,0.9495631092902996,-0.00016695762582485065,1.9381402187720747,1.9335852577243489,1.9379574409641755,-3.790855407714844e-05,0.9495068695396185,-6.571412086486816e-05,1.3797286748886108,1.9333799071609974,1.3829488158226013,0.5584115438834638
065_soy-sauce,0,rigid,-3.936272838109184e-06,0.12500897121664978,-2.0973384380275444e-06,0.06752529862234015,0.2545134239505337,0.06748802214860918,-1.4901161193847656e-08,0.12500979751348495,-2.0973384380340576e-06,0.06749923527240753,0.25450797379016876,0.06748802214860916,2.6063349932617386e-05
065_soy-sauce,1,rigid,1.4381691686311212e-05,0.12467909005881514,-4.0516665754358796e-07,0.09263688213429822,0.253947829030388,0.0892830141001728,8.307397365570068e-07,0.12467575073242188,-4.0978193283081055e-07,0.09236117452383041,0.2539260983467102,0.08906379342079163,0.00027570761046780135
065_soy-sauce,2,rigid,-0.00014271353249134032,0.12483606505019114,0.000205778252986475,0.11529605801217219,0.2544990449731629,0.11546459793295721,-6.921589374542236e-06,0.12486893683671951,-1.7397105693817139e-06,0.08380644768476486,0.2542143911123276,0.08391419053077698,0.031550407402180236
065_soy-sauce,3,rigid,3.065877398678061e-05,0.149990997802302,0.0038847305124027043,0.15756797965639893,0.305511474822099,0.15744751858093542,7.338821887969971e-07,0.14999597962014377,-0.00014393962919712067,0.11399774998426437,0.30546230683103204,0.12116803601384163,0.04357022967213456
065_soy-sauce,4,rigid,3.773109673208707e-06,0.07496046052414097,0.00017618969184003908,0.08248157195140629,0.15303568239717258,0.08299944958913578,4.0978193283081055e-07,0.07498616422526538,1.2628734111785889e-06,0.07608188688755035,0.1527216644026339,0.0761609897017479,0.0068384598873878905
066_vinegar,0,rigid,8.583068106137245e-07,0.15000905637499992,0.0006754104153388245,0.1658589646665391,0.3058255596964088,0.16578756881605572,-4.284083843231201e-07,0.149999713874422,-7.431954145431519e-05,0.12185719609260559,0.3054842234123498,0.1231146976351738,0.04400176857393351
066_vinegar,1,rigid,-3.340740673484918e-05,0.12500206582132975,-4.1706351046507364e-05,0.08897651659200861,0.2545770083198709,0.08875346420512505,4.2691826820373535e-06,0.12499857693910599,-8.314847946166992e-06,0.07512566447257996,0.25454317033290863,0.07443416118621826,0.014319303018906784
066_vinegar,2,rigid,5.7885820731612527e-05,0.12506913574640055,-0.00013365707448841598,0.1097217025904565,0.2547911582795429,0.11006852249340168,-9.573996067047119e-06,0.12504688650369644,-2.771615982055664e-06,0.07744142413139343,0.25445203483104706,0.07738132774829865,0.03268719474510304
067_steamer,0,rigid,7.285380095046521e-05,0.38216742805914883,7.915754129670496e-07,2.398830442192158,0.7990830866516949,2.398412367826051,-3.4868717193603516e-05,0.3821698119863868,0.00028586387634277344,1.9372246265411377,0.7990403790026903,1.9361541271209717,0.46225824070507926
067_steamer,1,rigid,-0.0003410238047780618,0.40273476298898453,-0.03236674893131753,2.3863697516993048,0.8385374415665865,2.388982676167701,4.649162292480469e-06,0.4027347629889846,-0.009434491395950317,1.8627586364746094,0.8385374415665865,1.9098344445228577,0.5236111152246954
067_steamer,2,rigid,5.3247436455376994e-05,0.18788914705412577,-0.0004085993371187662,2.490361749573382,0.40991204363470646,2.493030095132765,6.705522537231445e-06,0.18786923121660948,0.004110842943191528,1.7190291285514832,0.40978691913187504,1.8887749314308167,0.7713326210218989
068_boxdrink,0,rigid,-7.569566331652546e-05,0.07430885654430809,-0.0022223312689887364,0.11000647929895424,0.1543680591729763,0.11594184921649575,4.587695002555847e-06,0.07505204970948398,1.1082738637924194e-05,0.10556085035204887,0.15213862666860223,0.10579675436019897,0.010145094856296777
068_boxdrink,1,rigid,-5.1988027430353607e-05,0.12500070803545021,8.108763515008702e-06,0.14591656001989645,0.2544610207541023,0.14580834378016483,-6.1318278312683105e-06,0.12500178068876266,-7.838010787963867e-06,0.1085173636674881,0.2544477730989456,0.10834057629108429,0.03746776748908054
068_boxdrink,2,rigid,0.0004232952314340559,0.1499544229526005,1.2129272205644847e-05,0.13980412765793687,0.3060287652008066,0.13839005578622157,-6.996095180511475e-06,0.15000036952551454,3.678537905216217e-05,0.10558763891458511,0.30539773707278073,0.10548918321728706,0.03421648874335176
068_boxdrink,3,rigid,3.866851329796465e-06,0.12499816266612303,7.61775015016304e-05,0.07942256331443788,0.2545847324854081,0.06182509486132477,3.866851329803467e-06,0.1249995082616806,8.275732398033142e-06,0.07942256331443787,0.25448641180992126,0.06149334833025932,0.0003317465310654494
069_vagetable,0,rigid,-0.011994159875223103,0.6064830482540398,0.015446727136889651,2.4876857888403334,2.0072294043808427,2.3003411928188076,0.00030735135078430176,0.6131464214995503,-0.0005930066108703613,1.9329645037651062,1.2601511534303427,1.3595787286758423,0.9407624641429653
069_vagetable,1,rigid,-0.0015904729117551225,0.7390204205588621,-0.04825732208178961,2.289914329401315,2.784554020217496,2.5098569176626233,-8.195638656616211e-06,0.9446091102436185,-0.04296332597732544,1.6719902157783508,1.9186621811240911,1.6655257940292358,0.865891839093405
069_vagetable,2,rigid,0.02930667623464407,0.5184626027809279,-0.005641270540778287,2.1891563290793647,1.45606165548848,0.6712120654779623,-0.0018573999404907227,0.5125320954248309,0.0004905909299850464,1.9233152866363525,1.0593624506145716,0.6456646025180817,0.3966992048739084
069_vagetable,3,rigid,0.004087880086728334,0.8737065985360059,-0.03052454965657444,2.5681660125172043,2.591893363014523,2.9638271387934174,4.747509956359863e-05,0.9470448587089777,5.462765693664551e-05,1.7653465867042542,1.928871612995863,1.7740463614463806,1.1897807773470368
069_vagetable,4,rigid,-0.05347982772174184,0.5392522368629018,-0.0713151051103174,1.3694102468446863,1.6509232567648424,2.226505869568952,-4.813075065612793e-06,0.6466117715463042,-0.005345135927200317,0.8449095189571381,1.3264783192425966,1.9121456742286682,0.5245007278875482
069_vagetable,5,rigid,4.429959662121634e-05,0.24786297208381391,0.002234230967736896,0.5845918401050169,0.5496847235354058,1.9229930709889644,-2.562999725341797e-05,0.24801644682884216,0.0021160542964935303,0.5790700912475586,0.5306223034858704,1.9157101511955261,0.0190624200495354
069_vagetable,6,rigid,-0.02698082506734716,0.2810068765663289,-0.007544502612950609,0.7275676765851365,1.084132936377911,2.0777806397931213,0.0001147538423538208,0.3356864294037223,-0.0007690489292144775,0.5321946442127228,0.7024135906249285,1.9041163325309753,0.3817193457529826
070_paymentsign,0,rigid,-1.7677935045251663e-05,0.9483573216952829,-0.001180934106464419,1.561574330412933,1.932239306843274,0.68836550566128,-2.6226043701171875e-05,0.94862409401685,-0.002120882272720337,1.5615081787109375,1.9313703384250402,0.6862021088600159,0.0021633968012640947
070_paymentsign,1,rigid,-6.73966459978867e-05,0.49765962261997904,0.09395391304435244,1.9235802370485664,1.3223974976486597,0.9375800344572904,-3.8117170333862305e-05,0.5665817353874445,-0.001638755202293396,1.9230565428733826,1.1678378395736217,0.7006027400493622,0.23697729440792825
070_paymentsign,2,rigid,-3.980873329101564e-05,0.7480881333103768,-0.00010118394080632585,1.1909588687013375,1.523682064333942,0.9545645069518681,-3.075599670410156e-05,0.748089715372771,-0.00013814866542816162,1.1908665895462036,1.5236779758706689,0.9544860422611237,9.227915513387863e-05
070_paymentsign,3,rigid,-3.715132533577388e-05,0.9459906951990139,0.0018853151099911046,1.074521341802247,1.9300541516679812,0.9826554075584123,-7.137656211853027e-05,0.9466940937563777,-7.729232311248779e-05,1.074175775051117,1.9274342898279428,0.978301614522934,0.004353793035478337
071_can,0,rigid,-0.00021595025919509097,0.9550936336496406,0.00018808243573108672,1.422982444402316,1.92935776365112,1.4237550767759295,-5.933642387390137e-05,0.9552741842344403,-7.238984107971191e-05,1.0158060193061829,1.9277337398380041,1.0162704586982727,0.4074846180776568
071_can,1,rigid,-8.985256604840808e-05,0.9513497755527056,-0.0011933646434538318,1.3016794444495572,1.9314033284100605,1.3055743868648846,-5.969405174255371e-05,0.9515402489341795,2.9280781745910645e-05,0.9257745146751404,1.9286374701187015,0.9211726486682892,0.3844017381965954
071_can,2,rigid,-7.717917577021133e-06,0.949966149542293,-5.5708342537124874e-05,1.4521318381181847,1.9273587590871348,1.452117029121637,-7.736682891845703e-05,0.9499569474719465,4.172325134277344e-07,1.0369105339050293,1.9271997334435582,1.0330312252044678,0.4190858039171692
071_can,3,rigid,0.00022855941451913931,0.9512517244667559,0.0010680293641678708,1.6464950843185606,1.9369295197032639,1.6488433783565757,7.155537605285645e-05,0.9511685920879245,-2.5212764739990234e-05,1.1740115284919739,1.9346038196235895,1.1659133434295654,0.48293003492701025
071_can,5,rigid,-0.0001011234334206376,0.9527321964348218,-6.224342655490105e-05,1.4599326319683807,1.9223094213527228,1.458471125165765,-2.4259090423583984e-05,0.9527140418067575,-1.4722347259521484e-05,1.0755770206451416,1.9222291391342878,1.06404447555542,0.394426649610345
071_can,6,rigid,-0.0014732535322240594,0.9505498840198757,0.0020083471738885595,1.2851377713802652,1.9343529147122758,1.2863378072913387,4.145503044128418e-05,0.9511308283545077,-1.932680606842041e-05,0.9170044660568237,1.9312697229906917,0.913964718580246,0.37237308871109276
072_electronicscale,0,rigid,1.429907037430416e-06,0.2351291574386342,0.0024832109686181627,1.4629839576463324,0.5078878751238112,1.9508014462962273,5.358457565307617e-05,0.23524051811546087,0.0004464387893676758,1.4337706565856934,0.5049967784434557,1.9338316917419434,0.02921330106063902
072_electronicscale,1,rigid,4.020913342871258e-05,0.3185570233708995,-0.000386411927100982,1.3778261876766786,0.6722315296825117,1.9269459152468693,5.781650543212891e-06,0.31859960313886404,-0.00040519237518310547,1.3769750595092773,0.6717323828488588,1.9263967275619507,0.0008511281674012938
072_electronicscale,2,rigid,0.000734232400228266,0.6055996192866351,0.0011075905184560052,1.6001332161474906,1.2558663312297171,1.9330737820431476,-0.00010967254638671875,0.606179604306817,0.0006369352340698242,1.5968900918960571,1.2471620850265026,1.9314672946929932,0.008704246203214527
072_electronicscale,5,rigid,4.2863051327748807e-05,0.13254307993480377,2.82390227913708e-05,1.9356186768317887,0.3021861051377268,1.6398171520302331,1.8268823623657227e-05,0.132514925673604,-7.18235969543457e-06,1.9336184859275818,0.2998276315629482,1.6372601389884949,0.0025570130417382764
072_electronicscale,6,rigid,-0.00011341817130893842,0.3785357929194203,-0.0004133678141472488,1.230759329137083,0.797294204244255,1.935674959798261,2.6345252990722656e-05,0.3787788702175021,1.1056661605834961e-05,1.229889154434204,0.7921629045158625,1.934197723865509,0.0051312997283925466
073_rubikscube,0,rigid,1.157819441106047e-06,0.8301027469364249,-0.00010831474349428241,1.628441969116255,1.695242883227663,1.9224607830866487,1.1622905731201172e-06,0.8301367377862334,-0.00013276934623718262,1.627583920955658,1.6948321629315615,1.9217219948768616,0.0008580481605970913
073_rubikscube,1,rigid,-1.4506517852061354e-05,0.9539099875363359,0.00012732312416328473,1.942057910237577,1.9428811922176346,1.9419987816089412,1.7404556274414062e-05,0.9538509575650096,7.81714916229248e-05,1.94196617603302,1.94256048835814,1.9418280720710754,0.00032070385949456437
073_rubikscube,2,rigid,-1.376868021152418e-05,0.9540962499664337,2.1012600786186266e-06,1.942270920745355,1.943137286864225,1.9411460719474103,-1.3768672943115234e-05,0.9540993878617883,2.0265579223632812e-06,1.9422695636749268,1.9431248288601637,1.941135048866272,1.245800406124431e-05
074_displaystand,0,rigid,-1.5347768413490163e-05,0.3535401138048933,0.0001768522661172884,1.9351161329429527,0.7424612767412349,1.0644943849993038,-2.2619962692260742e-05,0.3535219840705395,4.738569259643555e-06,1.934887945652008,0.7417076006531715,1.063879668712616,0.0007536760880633153
074_displaystand,1,rigid,-2.854387087713309e-05,0.3488390784210868,2.8495692499412395e-05,1.9349823549333574,0.7320955978146457,1.2398672350694273,-2.950429916381836e-05,0.34881322737783194,-2.8014183044433594e-06,1.9349596500396729,0.7319522071629763,1.2397732734680176,0.00014339065166946163
074_displaystand,2,rigid,-3.501772880553623e-05,0.34506698272728786,5.4719653105555994e-05,1.918011486530304,0.713755741404307,1.3149912651270066,-3.501772880554199e-05,0.3450668854638934,4.711747169494629e-05,1.918011486530304,0.7136848364025354,1.3149572014808655,7.090500177153736e-05
074_displaystand,3,rigid,-2.9771314513539473e-05,0.20588369625011427,5.261705736676947e-07,1.9333836329454999,0.4484227387711204,0.623152265953892,-3.129243850708008e-05,0.2059901123866439,-1.043081283569336e-06,1.9333796501159668,0.44646422751247883,0.6218690872192383,0.0019585112586415487
074_displaystand,4,rigid,-6.339141315703329e-05,0.19852240039230368,-6.70818616645943e-05,1.934905685764599,0.43142086619395775,1.3761626930706103,-6.282329559326172e-05,0.19851890113204718,-7.769465446472168e-05,1.9349002838134766,0.4314106125384569,1.376136839389801,2.5853680809317936e-05
075_bread,0,rigid,0.00187074493521225,0.3973451765734149,-0.0001410693077892284,2.4931441294590604,0.8740414225015887,2.528683478919569,-4.649162292480469e-05,0.3985253255814314,-6.943941116333008e-06,1.9105172157287598,0.831808153539896,1.9289832711219788,0.5997002077975901
075_bread,1,rigid,0.0004264971802773089,0.8793845468200054,0.0004808672687946053,1.8958531088026047,1.7951715485139295,1.919381585228564,0.0004215836524963379,0.8792795287445188,-6.076693534851074e-05,1.8954435586929321,1.7929553296416998,1.917467176914215,0.0022162188722296694
075_bread,2,rigid,0.00014624264544316366,0.6075112027105747,-0.0005958200728254537,1.9346130541080657,1.2481727182314684,1.7096719616447669,1.6123056411743164e-05,0.6073369812220335,-0.000597149133682251,1.930615246295929,1.2465887404978275,1.705936849117279,0.003997807812136767
075_bread,3,rigid,-0.004440265717705561,0.412397279820722,3.389262443939754e-05,0.8995287306723245,0.8952361649483072,1.9227516817392831,-4.738569259643555e-06,0.4154571983963251,3.412365913391113e-05,0.8704955577850342,0.8654614500701427,1.9205378890037537,0.02977471487816441
075_bread,4,rigid,3.5105923330670355e-05,0.3996005186207511,0.00017084615106876603,1.9302499243333975,0.8360777827903625,1.0304423666618099,-3.129243850708008e-05,0.39990362245589495,9.125471115112305e-05,1.929775357246399,0.8343067821115255,1.0282800197601318,0.0021623469016780472
075_bread,5,rigid,-0.00018522931508433875,0.8603434416900103,-0.006801386138837512,1.7474932235923433,1.778734739920412,1.9234401134369743,-1.767277717590332e-05,0.8621700778603554,-0.007245063781738281,1.7468708157539368,1.7589483708143234,1.9179537296295166,0.019786369106088664
075_bread,6,rigid,-1.1990988418769941e-05,0.35785208339410446,4.173345597435244e-05,1.9368893595144676,0.7405776581429147,1.8171442323188032,1.6868114471435547e-05,0.35784225910902023,1.0192394256591797e-05,1.9332436323165894,0.7404095083475113,1.8131957054138184,0.003948526904984817
076_breadbasket,0,rigid,0.00010902065994666226,0.302748750083335,0.0001887985675826938,1.9310479945271184,0.6401978666199479,1.359507756250429,9.319186210632324e-05,0.30269719008356333,0.00017967820167541504,1.9308969378471375,0.6398676466196775,1.3594092726707458,0.000330220000270387
076_breadbasket,1,rigid,-2.5455749815612826e-06,0.2428127461688805,4.4142128545538016e-05,1.9055852860834321,0.520382488908536,1.3945728979510612,-2.2649765014648438e-06,0.24280044436454773,6.842613220214844e-05,1.9055004119873047,0.5202106833457947,1.3944005966186523,0.00017230133240886403
076_breadbasket,2,rigid,0.00016956927669764687,0.41435571104063584,0.00014092731461869611,2.1020155399755454,0.8642413690271608,1.7179290518297874,4.622340202331543e-05,0.4142304649576545,-3.567337989807129e-05,1.9198283553123474,0.8631395120173693,1.4517233967781067,0.2662056550516807
076_breadbasket,3,rigid,6.278808466885963e-05,0.22119120167977774,2.919353488724032e-06,1.9168229949643705,0.47709798428800687,1.3978451148963422,6.854534149169922e-05,0.22120323963463306,2.9206275939941406e-06,1.9167569875717163,0.477070864289999,1.3977829217910767,6.6007392654166e-05
076_breadbasket,4,rigid,7.914480721014555e-05,0.3696976979143144,0.0006622756432439603,2.665125992298517,0.7740966175585713,2.6650300844568355,9.462237358093262e-05,0.36969770304858685,0.002214789390563965,1.915066659450531,0.7740965820848942,1.8962687253952026,0.7687613590616329
077_phone,0,rigid,0.00014314698900714414,0.08560119499662226,-4.818088724097362e-05,0.961253065423683,0.20587660393052826,1.934238673812065,0.00014133751392364502,0.08559563476592302,-4.693865776062012e-05,0.9612114131450653,0.20580667816102505,1.9342218041419983,6.992576950320961e-05
077_phone,1,rigid,0.0006643525208690497,0.07349849838683546,-8.787890355957487e-06,1.9362864175373602,0.18166182955695961,0.8235903858508318,0.0006721913814544678,0.07352382224053144,1.4096498489379883e-05,1.9362282156944275,0.1815925482660532,0.8234404921531677,0.0001498936976640497
077_phone,2,rigid,5.5943438670636704e-05,0.08291726669531028,7.627386554412089e-06,1.9341174984060152,0.2008079342322186,0.9557872324243447,5.123019218444824e-05,0.08293279819190502,7.584691047668457e-06,1.9340320229530334,0.20069283619523048,0.9556512534618378,0.00013597896250694408
077_phone,3,rigid,-0.00015754970032243916,0.10002673576919892,-4.245579886230466e-05,1.9348657732859802,0.24254164777666914,0.9867216358292535,1.2874603271484375e-05,0.10011929832398891,-9.92119312286377e-05,1.93433678150177,0.23498861864209175,0.9865358471870422,0.007553029134577394
077_phone,4,rigid,2.5044310507318343e-05,0.09825858450544436,1.4551913738005056e-05,1.9350051526043894,0.2345112539546789,0.9949626696785826,3.4689903259277344e-05,0.09847049508243799,2.652406692504883e-06,1.934862494468689,0.23177417926490307,0.9944620132446289,0.002737074689775826
078_phonestand,0,rigid,-1.705327221376079e-05,0.8519190586869217,0.1099958517079496,1.3422559261124825,2.184664404837982,1.6985319483614452,6.16610050201416e-05,0.9462652988731861,-0.001731187105178833,1.1831305623054504,1.9272344931960106,1.3021333813667297,0.39639856699471543
078_phonestand,1,rigid,0.007286192921842509,0.9470123892007007,-0.0005581849858194666,0.7666602779706173,1.9368842591456392,1.379803636094783,-4.783272743225098e-06,0.9471319187432528,-0.00047144293785095215,0.750071257352829,1.929087307304144,1.3790648579597473,0.01658902061778833
078_phonestand,2,rigid,-0.0038230876697677874,0.9074942843719701,0.031249368056623705,1.0670589706403024,2.126172782551669,1.643642897610751,-4.488229751586914e-05,0.9497753977775574,-0.00012192130088806152,1.0581704378128052,1.9341803789138794,1.5231336951255798,0.1919924036377898
078_phonestand,3,rigid,0.0006466588355749012,0.945550564885909,0.012254838248853183,1.899616265941886,1.927517641410226,1.89832898892333,7.915496826171875e-05,0.94567562174052,0.001127481460571289,1.3505898714065552,1.9258980546146631,1.374409556388855,0.5490263945353309
078_phonestand,4,rigid,-0.000299015385622959,0.941718673200821,0.008751681611007145,1.5687367303551853,1.9483402780760886,1.5944194183189744,-9.834766387939453e-07,0.9459796361625195,4.827976226806641e-06,1.5657184720039368,1.9265870228409767,1.5731967687606812,0.021753255235111846
078_phonestand,5,rigid,-1.8202585263775997e-05,0.9310205421925345,0.02275597563327488,0.8798159099319167,1.9744122596082008,1.6439782015714821,-1.3113021850585938e-05,0.9495473084971309,-1.4901161193847656e-07,0.8761043548583984,1.933834994211793,1.5938066840171814,0.050171517554300715
078_phonestand,6,rigid,-8.709972578067564e-05,0.7420045448624666,0.25474113345695687,1.0919074291169397,2.372264269196108,1.9663852999331026,-7.835030555725098e-05,0.9478787630796432,-2.7924776077270508e-05,1.0917487740516663,1.930112510919571,1.4369444251060486,0.529440874827054
079_remotecontrol,0,rigid,1.513686037410718e-06,0.08701751429562878,-1.2958183167735257e-05,1.9350495006336619,0.2087245559391696,0.48032420898088696,6.735324859619141e-06,0.08705766312777996,-4.651397466659546e-05,1.9349318742752075,0.20842627063393593,0.4798136502504349,0.000510558730452082
079_remotecontrol,1,rigid,9.231845471302617e-06,0.09289612574106348,1.762525798926425e-05,1.9349354251413218,0.22073731665459878,0.5729590196708512,9.298324584960938e-06,0.09289433807134628,1.9818544387817383e-06,1.9349249601364136,0.220610573887825,0.5728425681591034,0.0001267427667737686
079_remotecontrol,2,rigid,-0.011384105549531285,0.17902206735753246,-0.0028489802884152575,0.6528151810261313,0.39686965716407696,1.9404004195353395,2.703070640563965e-05,0.17994703724980354,-0.0025545358657836914,0.6128320097923279,0.39463265985250473,1.927573323249817,0.03998317123380346
079_remotecontrol,3,rigid,2.7388324213576504e-05,0.10047661118595946,3.676802018149643e-05,0.6993679313204226,0.23578466132458753,1.9345720601448728,-6.854534149169922e-06,0.10047060903161764,3.698468208312988e-05,0.6992889642715454,0.2357614804059267,1.9345211386680603,7.896704887722095e-05
079_remotecontrol,4,rigid,-5.7277844435648414e-05,0.11244111479582074,1.8133480600983273e-05,0.6855208739616743,0.26145807306501406,1.934602860748082,5.334615707397461e-06,0.11227800510823727,2.372264862060547e-05,0.6848442554473877,0.2593700475990772,1.9345619678497314,0.002088025465936838
079_remotecontrol,5,rigid,4.138653204828471e-05,0.13767856448579988,0.00032368616065036454,0.6214073684453251,0.3118089860718527,1.937022528990797,4.3213367462158203e-07,0.1323356470093131,3.355741500854492e-05,0.6208127439022064,0.29837206192314625,1.9332125186920166,0.013436924148706453
079_remotecontrol,6,rigid,-4.5355254302262294e-05,0.1779548678795737,-6.22203234841279e-05,0.6383174697403058,0.39163799587851034,1.9341978417544448,2.9802322387695312e-08,0.17796145845204592,-6.064772605895996e-05,0.6378388404846191,0.39070351980626583,1.9341859221458435,0.0009344760722445056
080_pillbottle,1,rigid,-2.900693816735844e-05,0.9500980315418893,0.00052469196925468,0.9271870910851143,1.9375868553869249,0.9193915992786013,-1.7687678337097168e-05,0.9500589249655604,7.82310962677002e-05,0.926481157541275,1.9348917249590158,0.9160507917404175,0.0033408075381837765
080_pillbottle,2,rigid,-3.7059493595554643e-06,0.9500868071223514,-4.802342060940749e-06,1.338167358763716,1.9351848142509498,1.338103507178999,1.220405101776123e-05,0.9500892283394933,-5.100667476654053e-05,0.9518327414989471,1.934943174943328,0.9520949423313141,0.3863346172647688
080_pillbottle,3,rigid,5.444964313325989e-06,0.9501357635792316,0.0001719876318919302,1.0450643366267254,1.935123303014162,1.0436148072732245,1.722574234008789e-05,0.950066034682095,9.41157341003418e-05,0.938797652721405,1.9348531868308783,0.9374282956123352,0.10626668390532035
080_pillbottle,4,rigid,-8.038762578830308e-05,0.950003968563762,0.002458186303904902,1.2108583551857037,1.9469777010369271,1.2252306445436603,-5.602836608886719e-06,0.9500988572835922,0.0004793107509613037,0.8583608269691467,1.9349313080310822,0.8699055314064026,0.3553251131372577
080_pillbottle,5,rigid,-0.0014209840433397898,0.9503852562138372,-0.0004739932237086626,1.0288643361780991,1.9377221053136866,1.025883983560434,-2.8148293495178223e-05,0.9503044802695513,-6.988644599914551e-06,0.7643052637577057,1.9350240789353848,0.7670018970966339,0.26455907242039345
081_playingcards,0,rigid,3.465497367557343e-05,0.19978004258070173,3.185738437938617e-05,1.203120662095419,0.4343924883248059,1.93463815802018,-2.193450927734375e-05,0.19977088924497366,3.0100345611572266e-05,1.202979564666748,0.43436707742512226,1.934607744216919,0.0001410974286708555
081_playingcards,1,rigid,0.0002741813659667679,0.1875078379992636,2.5115713912279024e-05,1.9343044757843018,0.4101913354634314,1.3368106398596156,0.0002741813659667969,0.18755801394581795,3.013014793395996e-05,1.9343044757843018,0.4094782695174217,1.33658105134964,0.0007130659460096722
081_playingcards,2,rigid,2.6494264602650494e-05,0.18238962627947333,-0.00012844800949097935,1.9350330233573914,0.3996093086898329,1.2853425741195679,2.6494264602661133e-05,0.1823896262794733,-0.0001284480094909668,1.9350330233573914,0.3996093086898327,1.2853425741195679,2.220446049250313e-16
082_smallshovel,0,rigid,-5.273632102541908e-05,0.14770419710189367,-0.018467679506229337,1.1206600974287455,0.9471717719657307,1.9946528532498853,-3.1322240829467773e-05,0.2472646487876773,-0.0027796030044555664,1.1206011176109314,0.5292332861572504,1.920414686203003,0.41793848580848025
082_smallshovel,1,rigid,-0.09568655736659626,0.1269716036756135,0.030746560791641418,0.9895218678937183,0.41209091099770234,2.037263744979099,6.195902824401855e-05,0.12489046156406403,-0.0016151368618011475,0.5982353687286377,0.2840764820575714,1.919191300868988,0.3912864991650806
082_smallshovel,2,rigid,-1.2132333553083452e-05,0.15407920132055827,-0.024418723380746108,0.9830405374836345,0.8945506517710153,2.019464863994993,-3.349781036376953e-05,0.2569145569577813,-0.003348827362060547,0.9828336238861084,0.5482805948704481,1.9224228858947754,0.3462700569005672
082_smallshovel,3,rigid,2.1439145438146267e-05,0.17515499716553293,-0.029588341057975368,1.225306775101383,0.7410235277713523,1.716424184732401,0.0,0.2614021748304367,0.0,1.2252532839775085,0.5228043496608734,1.6309977173805237,0.21821917811047886
083_brush,0,rigid,-0.0021962972571724585,0.22787408157289848,-0.0002413494308393321,0.5133788579476501,0.49854088830323184,1.917889277813652,-0.0001269131898880005,0.2290155552327633,-0.00023788213729858398,0.5055719912052155,0.49235595017671585,1.9149647951126099,0.007806866742434693
083_brush,1,rigid,0.0007141224982657331,0.24950668953126598,-0.0031966926283757435,0.5002880060449494,0.5619498031659329,1.933889602275903,4.366040229797363e-06,0.24528255173936486,-0.0020895004272460938,0.4986036717891693,0.5152966557070613,1.9140386581420898,0.04665314745887161
083_brush,2,rigid,0.0030235358590887714,0.4026625362256716,0.00017944516240966192,1.929254293840629,0.894604451946394,0.19692350180640647,0.0013121068477630615,0.41412574891000986,0.00016461312770843506,1.9247940182685852,0.8628343176096678,0.1968023031949997,0.03177013433672626
083_brush,3,rigid,0.0005895089792996845,0.7420687780349468,0.01980789573317487,0.169406891016907,1.5356838519948832,0.5606991980616709,0.0,0.7427039742469788,0.0,0.1586422324180603,1.4854079484939575,0.5071877837181091,0.05351141434356177
084_woodenmallet,0,rigid,-1.9513078837180248e-05,0.8930259054914902,0.003929707803610028,0.8716028460989852,1.831049671772204,2.2676019881153184,-8.419156074523926e-06,0.8231457080692053,-0.004198342561721802,0.8715701401233673,1.6636429615318775,1.9242169260978699,0.34338506201744856
084_woodenmallet,1,rigid,3.389828355980691e-05,0.2679270724448778,-0.04651175255595861,0.7027672619504279,1.3649108316691998,2.060583132244431,1.9997358322143555e-05,0.4202228942885995,-0.0037422776222229004,0.7027146816253662,0.8650202434509993,1.9235808849334717,0.49989058821820054
084_woodenmallet,2,rigid,0.0058921433039190296,0.3731504873286636,0.06578864561218796,0.6357070989713467,1.618432940602359,2.09062557086927,2.650916576385498e-05,0.524642831645906,0.004065513610839844,0.6163279712200165,1.0676078666001558,1.9217031002044678,0.5508250740022032
084_woodenmallet,3,rigid,0.0001780857046968056,0.3278353639154665,0.0006093814618518623,0.45747394952614717,0.689795179302338,1.9336142001633083,4.075467586517334e-06,0.32781314942985773,0.0006249845027923584,0.4570600241422653,0.6896581631153822,1.9334854483604431,0.0004139253838818524
084_woodenmallet,4,rigid,0.056773974814238064,0.5633255384709622,-0.033889208188437055,0.908037264452203,1.9684941571962602,2.1169860322637923,1.4886260032653809e-05,0.7493888190947473,-6.785988807678223e-05,0.7137088477611542,1.5225036041811109,1.912907063961029,0.44599055301514934
085_gong,0,rigid,0.0005375100676524551,0.9340146853252401,0.020169235163110023,1.7243192065432558,1.9651950603654313,0.5933244459790715,3.316998481750488e-05,0.9445309042930603,-0.000841677188873291,1.7139611840248108,1.923456072807312,0.5406860113143921,0.052638434664679434
085_gong,1,rigid,-3.2464778671713446e-05,0.9497220675168128,-0.000615975740134836,1.6718846519483537,1.9338401301033241,0.8154423180030748,-3.1948089599609375e-05,0.9495858624577522,0.00012505054473876953,1.6718741655349731,1.9334870427846909,0.8139079213142395,0.00153439668883526
085_gong,2,rigid,4.152444009630403e-05,0.9488609819828616,-0.00042343791509905456,1.6732698153153915,1.9321363218670693,0.7911533457961021,-2.130866050720215e-05,0.9490026934072375,-0.00037530064582824707,1.6721853613853455,1.9308529887348413,0.7910494208335876,0.0012833331322279484
085_gong,3,rigid,3.6711293888191806e-05,0.949882794198909,9.048379941712534e-06,1.6042848820272084,1.9343682686208579,0.8073610105891473,3.9905309677124023e-05,0.9498828025534749,-1.589953899383545e-05,1.6042391657829285,1.934319382533431,0.8072863519191742,7.465866997313775e-05
085_gong,4,rigid,-3.967896958846618e-05,0.9475040178492862,0.004414800506481514,1.7997400708249764,1.9546388783370736,0.9022925494462647,-3.841519355773926e-05,0.9499791972339153,-0.0007915645837783813,1.7996930480003357,1.934212900698185,0.8854784667491913,0.020425977638888648
085_gong,5,rigid,-6.453699637776886e-05,0.949200195594712,0.0005049268060983667,1.8879376333697033,1.938787231291924,0.6318402534363565,2.1904706954956055e-05,0.9498472502455115,1.6674399375915527e-05,1.877898395061493,1.9335147757083178,0.5872497856616974,0.04459046777465914
086_woodenblock,0,rigid,1.0809722696598166e-06,0.05027087219331914,0.0007264476987312088,0.10255971622616449,0.10242073567112348,0.10309072717974428,7.841736078262329e-07,0.05000152255524881,0.0007054749876260757,0.10255758836865425,0.10180680820485577,0.10290088877081871,0.0006139274662677052
086_woodenblock,1,rigid,-1.0135856093309377e-05,0.050005100068021634,5.897966229537482e-06,0.07125982272068865,0.10183756362737176,0.07127259771785659,2.370215952396393e-06,0.05000438913702965,1.7700716853141785e-05,0.05221467278897762,0.10182254761457443,0.05244569852948189,0.019045149931711025
086_woodenblock,2,rigid,-0.0012177155619818567,0.04081984823293592,-4.2926793273282425e-05,0.13157387361932427,0.13148751569953798,0.051910610194300814,1.0691583156585693e-06,0.04983182734576985,-4.151463508605957e-05,0.10222934186458588,0.10150631295982748,0.05188923329114914,0.0299812027397105
086_woodenblock,3,rigid,2.2626238959236294e-06,0.025168648024525803,-9.251869568394343e-05,0.15069521721480625,0.052236000538342,0.03787999849793703,2.3543834686279297e-06,0.025168685882817954,-8.637085556983948e-05,0.15069346129894257,0.05223136639688164,0.03785020858049393,2.9789917443102942e-05
086_woodenblock,4,rigid,-8.648219467761078e-07,0.07500043598800575,-3.854891058724331e-06,0.1218121464211054,0.15275008052895078,0.12169166583461524,1.0225921869277954e-06,0.07500025775516406,-1.7173588275909424e-06,0.12179359421133995,0.15274589962791651,0.12167655676603317,1.8552209765446137e-05
087_waterer,0,rigid,-0.05326517381428035,0.4697107233387982,-0.014418105143579359,1.493838501003732,1.0126219696662337,2.0718567907963386,-0.0001733154058456421,0.47737588733434677,-0.0054236650466918945,0.9518657028675079,0.9890139847993851,1.9205176830291748,0.5419727981362241
087_waterer,1,rigid,0.020775987208634945,0.41461130794326473,0.002023718307274421,1.491304010706707,1.0174291558827933,2.0424777395577287,3.190338611602783e-05,0.4315724829211831,-0.00447574257850647,0.8685503304004669,0.8972614090889692,1.9222063422203064,0.6227536803062401
087_waterer,2,rigid,0.0007213610475039555,0.624474747025477,0.01654660525077878,0.7209285099069117,1.4184065029657047,2.0128790905362255,9.180605411529541e-05,0.6539437249302864,-0.0008827149868011475,0.7158935964107513,1.3425201028585434,1.9234718680381775,0.089407222498048
087_waterer,3,rigid,-0.08365825736076993,0.5990595752201668,0.028127868197122315,1.6797984564996948,1.5019383127115469,2.1827510367746696,-0.00010135769844055176,0.6415490452200174,0.006994366645812988,1.148768126964569,1.317804705351591,1.9185805320739746,0.5310303295351257
087_waterer,4,rigid,-0.015447413214866415,0.7277495208804303,0.0573376217744761,0.8114179224867787,1.8634976252251618,2.182715767306263,-1.049041748046875e-05,0.663410609588027,-0.005812704563140869,0.7247689962387085,1.3556283600628376,1.9364073276519775,0.5078692651623242
087_waterer,5,rigid,0.01076037375950284,0.71949673383465,-0.09421359649535765,0.8583914462335898,2.2124780809575557,2.2233385958127787,0.00020600855350494385,0.6508575873449445,-0.0016781985759735107,0.778987854719162,1.3358082380145788,1.9252340197563171,0.8766698429429769
087_waterer,6,rigid,0.0003505472616181242,0.6677462845364726,0.04967395973099871,0.7861397957955667,1.6062545509707853,2.115873778179046,0.0002644956111907959,0.7261144458316267,-0.012358278036117554,0.7856900691986084,1.473478210158646,1.9072442650794983,0.20862951309954791
087_waterer,7,rigid,-0.051253055424595205,0.6413411928996242,-0.02216753649957458,1.293994360196464,1.5100813483008744,2.08585372971173,0.0006269961595535278,0.6582610765472054,-0.004508495330810547,0.8349922597408295,1.3511018436402082,1.9180995225906372,0.4590021004556346
088_wineglass,0,rigid,-1.8319618531487807e-05,0.12442908318421501,1.9792146043876163e-06,0.17794343645142005,0.25351450800540404,0.17782907975839615,-2.816319465637207e-06,0.12443006038665771,7.525086402893066e-06,0.12656697630882263,0.25340861082077026,0.12587061524391174,0.05195846451448441
088_wineglass,1,rigid,-0.0020088019699973014,0.12438197884047965,-0.001390727606943004,0.08400902889290685,0.2556188841236724,0.08284106809550565,1.5497207641601562e-06,0.12445595115423203,-0.001566074788570404,0.07856409251689911,0.25336094200611115,0.0811198502779007,0.005444936376007736
088_wineglass,2,rigid,-0.0004405231725713771,0.12402501147639115,0.00437303955808495,0.09176972533302616,0.2578963365323981,0.10006911680351308,-9.581446647644043e-06,0.12434584647417068,-8.910894393920898e-06,0.07525050640106201,0.2532540410757065,0.0753868818283081,0.02468223497520497
088_wineglass,3,rigid,-1.4301286127272917e-05,0.14935241293149018,-4.055447049154e-05,0.13364913186572117,0.3040556265826039,0.13352992853040485,4.114583134651184e-06,0.14935062220320106,5.783513188362122e-06,0.11624929681420326,0.30402682442218065,0.1151440404355526,0.018385888094852254
088_wineglass,4,rigid,-1.6402913283752233e-05,0.124458279451574,-0.00016308740177055359,0.1296371053854346,0.25372971313271236,0.13008133211165396,-1.341104507446289e-07,0.12442100793123245,6.40377402305603e-06,0.1015179455280304,0.2533876746892929,0.10155870765447617,0.028522624457177792
089_globe,2,rigid,-0.017266016670027466,0.8928283600487195,-0.04176975463712894,1.898837989238896,2.362739259074475,2.2882315945747296,1.8984079360961914e-05,0.9480851450935006,-0.0007519423961639404,1.2771645188331604,1.9302011411637068,1.3956320881843567,0.8925995063903729
089_globe,3,rigid,0.0004939917233114243,0.9484173254960364,0.04852657265412055,1.7194459311118393,1.9311469356171589,1.720693456378137,-3.1322240829467773e-05,0.9484052872285247,0.0017454922199249268,1.2415041327476501,1.931092219427228,1.343163788318634,0.47794179836418915
090_trophy,0,rigid,3.385441615875882e-05,0.9417507047196586,-0.004063369682036255,1.5588545750392706,1.9211906636523968,1.4984336994329504,-0.00015306472778320312,0.9416129179298878,-0.00015266239643096924,1.5347169637680054,1.9177177771925926,0.923704594373703,0.5747291050592473
090_trophy,1,rigid,-0.0006547155577471021,0.9504308488135421,0.0007010122901591511,1.587665746810429,1.936544003435245,1.4274004090985954,7.751584053039551e-05,0.9503804575651884,1.8209218978881836e-05,1.5266819596290588,1.9350571371614933,0.8594611883163452,0.5679392207822502
090_trophy,2,rigid,-0.00015432194528162464,0.9502673364787906,-0.0006005889533175143,1.5505344626055462,1.935072746879334,1.5331177075696696,-8.994340896606445e-05,0.9502504356205463,3.5762786865234375e-06,1.4885927438735962,1.9350117668509483,1.019737720489502,0.5133799870801676
090_trophy,3,rigid,-0.0003146050482426703,0.9439116115595724,0.001064143586487923,0.9568699172598235,1.924723427793152,0.6748044108999526,-1.983344554901123e-05,0.9441238725557923,-3.446638584136963e-05,0.9557309448719025,1.9229051899164915,0.6725282371044159,0.0022761737955366845
090_trophy,4,rigid,-0.006569986372540686,0.9428110041954143,-0.004385472030116843,1.2579409427375774,1.9234751081521766,1.1886405129378916,-1.049041748046875e-05,0.943145053461194,0.00019851326942443848,1.1605569124221802,1.9205090664327145,0.678983211517334,0.5096573014205577
091_kettle,0,rigid,0.0951796888147152,0.8790274215439972,-0.10142716033567802,2.1193060939219097,1.7933197127551892,2.2411326016004667,0.00011849403381347656,0.8790774401277304,-0.005752086639404297,1.4041409492492676,1.7927279360592365,1.922520637512207,0.7151651446726421
091_kettle,1,rigid,0.0006568238149735872,0.8482347601562311,-0.0796877192631151,2.074069038262686,2.5187335446241237,2.5376271869670326,-2.0116567611694336e-05,0.9145105229690671,0.008250504732131958,1.351614773273468,1.8631920125335455,1.905316174030304,0.722454264989218
091_kettle,2,rigid,0.049803834188277815,0.8566270782897265,-0.12071887616604297,2.1707657355184886,1.9423552291876898,2.2874152081843238,-8.19861888885498e-05,0.8734889244660735,-0.008369028568267822,1.4633412957191467,1.7817046213895082,1.9144558906555176,0.7074244397993419
091_kettle,3,rigid,-0.007509415704886729,0.8771117682243196,-0.04360291121239328,2.199523713530364,2.371699318665047,2.5179490550283226,-1.2755393981933594e-05,0.910979307256639,0.0007491409778594971,1.5361530780792236,1.8566765058785677,1.9111351370811462,0.6633706354511402
091_kettle,4,rigid,-0.0026313750973728702,0.9463182574055892,-0.10283780151538692,1.729882716134068,1.9667172881416701,1.7576767395334791,2.944469451904297e-05,0.9480128707364202,-0.008350193500518799,1.1933382749557495,1.9308215733617544,1.4806139469146729,0.5365444411783185
091_kettle,5,rigid,-0.016894952692987162,0.8440498752635197,-0.1355530977733454,2.19871468481982,2.227405286672227,2.4266071469837525,-5.0067901611328125e-06,0.8715099627152085,-0.003425091505050659,1.5149993896484375,1.7777282129973173,1.90989750623703,0.6837152951713823
092_notebook,0,rigid,0.003164048141054984,0.08588508081460942,-0.011550442302934128,1.9111362029537682,0.20243455493226548,1.2537916795022848,0.0031708478927612305,0.08519409317523241,-0.011551707983016968,1.910957932472229,0.20039338432252407,1.252786099910736,0.002041170609741405
092_notebook,1,rigid,-6.082034951506108e-05,0.09172452801082387,0.0028647751623562907,1.9218766116950678,0.22215569502633198,1.2895520308057173,-6.1005353927612305e-05,0.09328652545809746,0.0027614831924438477,1.9218741059303284,0.21869153529405594,1.2890760898590088,0.00346415973227604
092_notebook,2,rigid,0.0037301706914424494,0.08440766656254838,-0.0010260630882438333,1.9112516220159956,0.20364033442276985,1.2851989158828547,0.0037128031253814697,0.08440428413450718,-0.0010662674903869629,1.9111798405647278,0.2033420316874981,1.285086750984192,0.00029830273527176043
093_brush-pen,0,rigid,2.323274901878752e-05,0.04834777360590778,-0.0019516646862030112,0.18338851335840428,0.18338275804744364,1.900586187839508,3.399699926376343e-05,0.04862123355269432,-0.001951664686203003,0.13165123760700226,0.12869883328676224,1.900586187839508,0.0546839247606814
093_brush-pen,1,rigid,-0.012238993133656654,0.12348182456767018,-0.0078405212531618,0.1832409626597361,0.27046959484080557,1.9252603320835329,0.0002891421318054199,0.09584579197689891,-0.0069363415241241455,0.15646977722644806,0.21089830342680216,1.9156818985939026,0.05957129141400341
093_brush-pen,2,rigid,0.006306725162362705,0.07867317476333964,-0.005209447007521137,0.15927620349941948,0.17324640921231282,1.9010451686965055,0.0006690248847007751,0.07306566694751382,-0.004794210195541382,0.1453881412744522,0.1617623893544078,1.8985992074012756,0.013888062224967274
093_brush-pen,3,rigid,0.04273048040821827,-0.004083513515142193,-0.011379784419243342,0.3140419958305248,0.3071933932472614,2.1964860068961367,0.043239932507276535,-0.0002948381006717682,-0.011445224285125732,0.24791742116212845,0.24993082135915756,2.186846137046814,0.06612457466839633
093_brush-pen,4,rigid,0.02166670683060068,0.0012191111381655427,-0.0008680810407164895,1.9125756895179578,0.1981215897217284,0.2220868289717026,0.02180132269859314,-0.005448987707495689,-0.015047768130898476,1.9090247750282288,0.1303362138569355,0.1305163912475109,0.09157043772419168
093_brush-pen,5,rigid,-0.0014953376908130032,0.0333735043050765,0.00015176741371685014,1.904168614829158,0.09694106365363256,0.09733910174935918,-0.001537322998046875,0.033474559895694256,0.0009618587791919708,1.903786540031433,0.09002574719488621,0.0920545756816864,0.006915316458746351
094_rest,0,rigid,-0.0003898469053521485,0.4351160684143267,-0.0005693289452545779,1.933879140205364,0.8984243957417658,0.24157761037932865,-3.463029861450195e-05,0.435271218419075,-2.9169023036956787e-06,1.9329191446304321,0.8954825103282928,0.23893817514181137,0.0029418854134729555
094_rest,1,rigid,-0.0019949756699377927,0.34156971117868345,-0.0005190108291049408,1.9393123097809424,0.7183109821581912,0.6041930729858241,0.00047135353088378906,0.3389038275927305,-0.00014144182205200195,1.9332689046859741,0.7117964364588261,0.6033172607421875,0.00651454569936516
094_rest,2,rigid,-7.100698502976793e-05,0.43885085622801673,0.0009048141858569638,1.9285866709145423,0.913895658018254,0.6229487138615882,-1.5467405319213867e-05,0.4388252655044198,0.0002082139253616333,1.9281267523765564,0.9124622028321028,0.6200462877750397,0.0029024260865485596
094_rest,3,rigid,-0.0013968216380844513,0.5092860875701611,-0.0002902039121157478,0.7193404700477332,1.0582979626126603,1.932471645399001,2.3245811462402344e-05,0.5094829807057977,-5.936622619628906e-05,0.7108792066574097,1.0536890011280775,1.9303162097930908,0.008461263390323492
095_glue,0,rigid,-1.8530825170137163e-05,0.951007330340851,-0.0025650324314739296,0.9351607678084969,1.9360223927225184,0.9406658215648454,-4.5493245124816895e-05,0.9512515268288553,6.298720836639404e-05,0.6630185544490814,1.9329881267622113,0.6621139943599701,0.27855182720487526
095_glue,1,rigid,3.107486337072427e-05,0.9498410556312537,-0.0003491776376454645,0.9175370953700565,1.9274384860722797,0.9201105374235959,1.5944242477416992e-06,0.949923565145582,0.00016131997108459473,0.6507622301578522,1.9258684115484357,0.6505354642868042,0.26957507313679174
095_glue,2,rigid,0.00018052144986846946,0.9523272429364983,9.107706041723169e-05,0.6866299195708534,1.9303410872687632,0.6852102546166271,3.819167613983154e-05,0.9522937242873013,4.118680953979492e-05,0.6035337746143341,1.93016844894737,0.6027964949607849,0.08309614495651929
095_glue,4,rigid,-2.8670026629540524e-05,0.9446276909909359,-0.0018597450974928923,1.0397546612470607,1.9242641224223427,1.026730747417079,-3.409385681152344e-05,0.9446036340668797,-0.0014109611511230469,0.8653182983398438,1.9239946361631155,0.6298914551734924,0.3968392922435866
095_glue,5,rigid,3.564521839882191e-05,0.9510014531305285,6.179389048993865e-05,0.6301238058113748,1.9345407566354735,0.6282463171992487,-6.273388862609863e-06,0.951006930321455,2.276897430419922e-05,0.6298549473285675,1.9343701973557472,0.627996027469635,0.0002688584828073326
095_glue,6,rigid,6.844860683375782e-05,0.9512573753051444,2.1866619096547933e-05,0.5394530664506032,1.93408602848424,0.5385738879776661,6.110966205596924e-05,0.9512448636814952,-2.7418136596679688e-06,0.474454402923584,1.9340390507131815,0.47343671321868896,0.06513717475897718
096_cleaner,0,rigid,3.081926710408138e-05,0.6606230890483671,2.592459952243974e-05,2.6985712206205323,1.3565788815843276,2.698716712387827,-4.875659942626953e-05,0.6607054015621543,4.5806169509887695e-05,1.9265981912612915,1.3556879479438066,1.9359964728355408,0.7719730293592408
096_cleaner,1,rigid,0.00032136372938101703,0.953757312568494,0.0003365690924270649,2.557148873114895,1.9456959720392017,2.557577678481735,2.2649765014648438e-06,0.9536930555477738,0.0001417100429534912,1.821877360343933,1.9420377742499113,1.819407045841217,0.738170632640518
096_cleaner,2,rigid,2.672682155529254e-07,0.4102607239892964,-2.4929011667608443e-05,2.6971380473870594,0.8553130989635889,2.6968061879666885,8.177757263183594e-05,0.41027030255645514,-1.58846378326416e-05,1.9322065114974976,0.8550280947238207,1.9289148449897766,0.7678913429769119
096_cleaner,3,rigid,3.76046294914439e-05,0.6560230196331492,4.578067685203857e-05,2.026348301901238,1.3470450000347407,2.024290723952588,4.729628562927246e-05,0.656011757440865,2.5331974029541016e-05,1.9390903115272522,1.346980458125472,1.9369795322418213,0.08731119171076651
097_screen,0,rigid,-3.442755968869634e-06,0.6904865216956931,-2.75720921881955e-05,1.93446379506978,1.4158749905476504,0.7009775999779013,2.7865171432495117e-05,0.6904690787196159,7.644295692443848e-06,1.9342301487922668,1.4156316667795181,0.7006731927394867,0.0003044072384146279
097_screen,1,rigid,7.465481758115993e-05,0.681852684462142,0.001654346984238577,1.933899223804474,1.398166750323632,0.6459806013767614,7.465481758117676e-05,0.6818425077944994,0.0016157478094100952,1.9338992238044739,1.3981398306787014,0.6458943784236908,8.622295307059158e-05
097_screen,2,rigid,0.0031833618847402494,0.6699568510013433,0.0013156639513701698,1.991336524920915,1.3749549825238296,1.3198024590099933,0.0002429187297821045,0.669940966181457,-6.809830665588379e-05,1.9314997792243958,1.3745720032602549,0.7604684829711914,0.5593339760388019
097_screen,3,rigid,-3.6337449767930996e-05,0.6044237760146735,-0.07190312370165997,1.9184073874005596,1.3296352537784326,0.5403702402808036,-3.4183263778686523e-05,0.624563978984952,-0.00119742751121521,1.9179930090904236,1.283077385276556,0.3945463299751282,0.14582391030567543
098_speaker,0,rigid,-1.1610482717566396e-05,0.9538475730230505,-0.0001645567175704509,1.6870481203928163,1.942688679327101,1.5975922822236883,-1.1593103408813477e-05,0.9538522930815816,-0.00016123056411743164,1.6870284676551819,1.9426748808473349,1.5975658893585205,2.6392865167812474e-05
098_speaker,1,rigid,0.00024988781950680054,0.94952299280435,0.0031822164337700397,1.3656358214150899,1.9342105422364726,1.3668463116736493,5.704164505004883e-05,0.9494959842413664,0.0030510425567626953,1.364068865776062,1.9338174797594547,1.3655377626419067,0.0015669556390278672
098_speaker,2,rigid,-2.6819887383169694e-06,0.6351237793259702,5.5377980722063884e-05,1.9299601361114767,1.3032932671307558,0.706724877968958,-1.7881393432617188e-06,0.6351555781438947,3.516674041748047e-05,1.9295868873596191,1.3028220739215612,0.706623911857605,0.00047119320919453145
098_speaker,3,rigid,4.3250735767945425e-05,0.9502841313048153,-0.0007235937799795297,1.124096427856812,1.935167998826259,1.0884406255397343,-7.331371307373047e-06,0.9502842184156179,-0.0008936822414398193,1.1229225397109985,1.935129214078188,1.0869236588478088,0.0015169666919254698
098_speaker,4,rigid,5.320991207524826e-05,0.9504275769557294,0.001003401895775803,1.2094891605778062,1.9370404562153607,0.9869973731895249,5.3048133850097656e-05,0.9502646289765835,0.002246156334877014,1.2093924283981323,1.9342056587338448,0.9837657511234283,0.0032316220660965067
098_speaker,5,rigid,1.821952536104429e-05,0.949814663327685,0.001021478475120442,1.1990962112398302,1.9324393506016742,1.0117886733101316,9.417533874511719e-06,0.9498837422579527,0.0010032951831817627,1.1978251934051514,1.931698713451624,1.0116062760353088,0.001271017834678867
099_fan,0,rigid,0.0013521264175872555,0.9259058899401036,-0.01801383353882603,1.3184354846585555,2.0178233739705074,1.191242964479276,-0.00015786290168762207,0.9494071546941996,-0.004162818193435669,1.284148395061493,1.9333473555743694,1.1236104369163513,0.08447601839613794
099_fan,1,rigid,0.00104205171041974,0.9514353169850163,0.17274634865214522,2.0901533100548075,1.9421627619844335,2.0930013882646485,3.656744956970215e-05,0.9515033662319183,0.0007553398609161377,1.6476275324821472,1.9378250241279602,1.513862431049347,0.5791389572153016
099_fan,2,rigid,7.221802307605862e-05,0.9323689879602673,-0.02209646732079418,1.7050671496221008,2.0230450160372495,1.5128576043859299,-4.4226646423339844e-05,0.9546762458048761,-0.004917442798614502,1.6977530717849731,1.93678527045995,1.4399065971374512,0.08625974557729954
099_fan,3,rigid,0.0033202682789382734,0.9265120580348422,-0.008678665257524554,1.687948586569326,2.0643239646699145,1.4193950948294503,5.358457565307617e-05,0.9485553163103759,-0.0025609731674194336,1.624245524406433,1.9204529011622071,1.3351895809173584,0.1438710635077074
099_fan,4,rigid,-0.0003601682239145986,0.9494538245182098,-0.004564344719045648,1.4060239951709659,1.9349146836245523,1.054976379658237,0.0002759099006652832,0.9495840342715383,-0.00456574559211731,1.4023385047912598,1.9336540158838034,1.0514622330665588,0.0036854903797061134
099_fan,5,rigid,-0.0002577584428367345,0.9152120426075411,0.01671240466850118,1.69505335350087,2.0437705663157977,1.39555159316997,2.3245811462402344e-05,0.9529234785586596,-0.00018665194511413574,1.6913756132125854,1.9403485022485256,1.2100741267204285,0.18547746644954155
099_fan,6,rigid,0.0003629028797149602,0.8464820708545033,0.004065266299450045,1.7405853867530823,1.8449757884106588,1.218583803138719,0.0003629028797149658,0.8703207187354565,-0.003776729106903076,1.7405853867530823,1.7725052013993263,1.1190136671066284,0.09957013603209064
100_seal,0,rigid,5.328820754421827e-05,0.946283413031014,-0.00022866281333387331,1.097549752361479,1.927917163688297,1.0977622003751675,2.8967857360839844e-05,0.946357699111104,-1.0132789611816406e-06,1.0974713563919067,1.9275680147111416,1.0970560312271118,0.0007061691480556576
100_seal,1,rigid,-0.00016954766353528678,0.6703416239463896,-0.0051291748143656125,1.6233561255174545,1.3758388755497306,1.9315084487905276,-0.00019937753677368164,0.6703111287206411,-0.005250364542007446,1.6231839656829834,1.3753461129963398,1.93112713098526,0.0004927625533908131
100_seal,2,rigid,-0.0010193831046335657,0.9472776738801442,-0.0059667950101925955,0.8939016578561729,1.946056607355016,0.8032255656302517,0.00029525160789489746,0.949845228344202,-0.0019594430923461914,0.8874945640563965,1.9344250485301018,0.7758826613426208,0.027342904287630865
100_seal,3,rigid,-4.237238253189293e-05,0.9501330392378691,2.1437981313589756e-05,1.2184828010018074,1.935483473415057,1.2205202032255722,4.9173831939697266e-06,0.9501834558323026,1.9222497940063477e-05,1.2182314991950989,1.935181489214301,1.2203207612037659,0.0003019842007558893
100_seal,4,rigid,0.0006860291942386961,0.9475692723080297,-0.0006902483307378278,0.9489091001637648,1.9292765776981016,0.6588961261213057,0.0006636530160903931,0.9475583946332335,-0.0006897896528244019,0.9486760199069977,1.9292199779301882,0.6587975919246674,0.0002330802567671597
100_seal,6,rigid,0.00031048350543617036,0.9496730035348143,0.00018341252467931279,1.412369409925732,1.9357083670466286,1.4092190052328752,5.519390106201172e-05,0.9498318135738373,-7.450580596923828e-06,1.2274802923202515,1.9342511296272278,1.2103805541992188,0.1988384510336565
101_milk-tea,0,rigid,-0.00011985079683118716,0.9503152420912796,9.665365615328894e-05,1.7030422284986748,1.934382095979174,1.7031618391278696,1.055002212524414e-05,0.9503064639866352,-4.991888999938965e-05,1.2086683511734009,1.9342795833945274,1.2181704640388489,0.49437387732527394
101_milk-tea,1,rigid,0.07485352426144706,0.9359654774374222,-0.0015605435959840602,1.3969524482546407,2.0612583908005977,1.1693322840550338,-0.00021611154079437256,0.9449441283941269,0.00014446675777435303,0.8303084671497345,1.9239883720874786,0.8275839388370514,0.5666439811049062
101_milk-tea,2,rigid,0.00024277573986204807,0.9502413482727908,-0.0006647011813209114,1.6079101442250374,1.9353653506199047,1.6079303476303666,0.00013500452041625977,0.9502804633229971,-0.0006032288074493408,1.1439915895462036,1.935132909566164,1.1449277997016907,0.4639185546788338
101_milk-tea,4,rigid,0.007267524873541435,0.889644046640136,-0.09026043838706939,1.5121169500669458,2.1220130956657215,1.8440090429382965,0.00025960803031921387,0.9474758408032358,2.92360782623291e-05,1.0572884678840637,1.9144243197515607,1.058805525302887,0.7852035176354095
101_milk-tea,5,rigid,0.063337180601161,0.8589257928135474,0.07683549519233017,1.195237483932475,1.967261946970737,1.2188278968652968,4.316866397857666e-05,0.8833022778853774,-0.0003369152545928955,0.9263029992580414,1.7985750306397676,0.9243242740631104,0.29450362280218645
101_milk-tea,6,rigid,5.4790243600303356e-05,0.9365668830429494,-0.0009550855795804283,1.088438485794063,1.9067984081946436,1.0854509188501202,0.0001894831657409668,0.9365343935787678,-0.0011205077171325684,1.084581971168518,1.9065258726477623,1.0814789533615112,0.003971965488609008
102_roller,0,rigid,3.255137405325232e-05,0.15603070652727974,-3.501772880553257e-05,0.35309087501580116,0.34696793739404186,1.9319055676460266,1.5251338481903076e-05,0.15601377934217453,-3.501772880554199e-05,0.3527124375104904,0.34658218920230865,1.9319055676460266,0.00038574819173320396
102_roller,1,rigid,4.407461345265363e-05,0.16139178799652434,-5.591878525230326e-06,0.41231079352086225,0.35638386244056697,1.9082818236866979,2.3894011974334717e-05,0.16139178164303303,-6.109476089477539e-06,0.4122370034456253,0.3563549779355526,1.9082550406455994,7.379007523694581e-05
102_roller,2,rigid,2.118178000711387e-05,0.11274457106981156,0.0013336256808618475,1.9311913944412211,0.32168825746682084,0.3103910043535411,2.2619962692260742e-05,0.11038133967667818,0.0018627718091011047,1.9311862587928772,0.2542181517928839,0.24454762041568756,0.06747010567393696
103_fruit,0,rigid,0.005197621283116201,0.8863126598535412,0.015436717565715947,2.368476135412593,2.797664354538803,2.9545843963489924,-1.1026859283447266e-05,0.9438990550115705,0.00016441941261291504,1.7703222036361694,1.9220006074756384,1.7745222449302673,1.180062151418725
103_fruit,1,rigid,-0.0034935435653884054,0.7639396163477079,0.13220703075191054,1.8065007377327171,2.3881084232626493,2.3902034912480192,-1.4066696166992188e-05,0.9440114637836814,-3.311038017272949e-05,1.271520733833313,1.9223017413169146,1.2609633803367615,1.1292401109112578
103_fruit,2,rigid,0.001387581584127141,0.9377866039077604,-0.0006900567709553479,2.971223842045445,2.4609605105358154,2.7269141742912693,-1.8775463104248047e-06,0.9528627134859562,0.00023025274276733398,1.8441374897956848,1.9384649321436882,1.8366714715957642,1.1270863522497603
103_fruit,3,rigid,-0.00021482899353712545,0.7755007822805987,0.04222105133439411,2.3943132731905257,1.922322638181437,2.609572075593501,-5.054473876953125e-05,0.7720155054703355,-0.0028744935989379883,1.651480793952942,1.5779093634337187,1.9245262145996094,0.7428324792375838
103_fruit,4,rigid,0.03640982940910066,0.950867617836138,0.012797805950438538,1.2564127778753693,2.0112522084377007,1.1859768529416266,-0.0002487599849700928,0.9431778620928526,0.004670143127441406,0.9541530013084412,1.9211742021143436,0.955571174621582,0.30225977656692815
103_fruit,5,rigid,0.00019256705308377857,0.8394961658172262,-0.0020005418970912227,2.3104029221807174,1.7669910854424642,2.3441128068141803,0.00022035837173461914,0.8453243095427752,-0.00015756487846374512,1.901694655418396,1.7245399318635464,1.6441207528114319,0.6999920540027484
103_fruit,6,rigid,0.04073787229429799,0.6658984131319605,-0.011797204804116957,2.148988695046558,1.881170865008841,1.8335020617517164,0.0008684098720550537,0.6838568523526192,-0.0032340586185455322,1.8459721207618713,1.401437982916832,1.6693851351737976,0.47973288209200904
104_board,0,rigid,-0.0007016497774762037,0.08185450992205857,-1.674774663707298e-05,1.9337019345296853,0.1860751789881171,1.2761577627846308,-0.0006963610649108887,0.08179133757948875,2.2649765014648438e-05,1.9334057569503784,0.18550390750169754,1.2757091522216797,0.0005712714864195556
104_board,1,rigid,-7.138915876647313e-05,0.07733141383763698,0.000106007889805659,1.198286296847799,0.1895850612940101,1.9349990773962957,2.917647361755371e-05,0.07714926172047853,0.00011026859283447266,1.1977248787879944,0.18877040408551693,1.9345967769622803,0.0008146572084931636
104_board,2,rigid,0.0003897177528032961,0.07864795586079006,0.0010010341922286417,1.2077379560684962,0.19466661506585856,1.9282744037866661,9.08970832824707e-06,0.07861475553363562,0.0008806884288787842,1.2063366770744324,0.19185286946594715,1.9273590445518494,0.0028137455999114047
104_board,3,rigid,0.00015251447379940541,0.06467479434389191,0.00011680040599596347,1.9347550330327468,0.1641320619735222,1.8474492410056387,0.00015056133270263672,0.0646863654255867,3.1828880310058594e-05,1.9347331523895264,0.16410554945468903,1.8472496271133423,0.00019961389229639082
104_board,4,rigid,9.989522642215557e-05,0.06942286912325402,0.0003451305615367244,1.374396908619702,0.17404415256600858,1.9348161607254828,2.276897430419922e-05,0.06950386520475149,0.00033655762672424316,1.3733489513397217,0.17382370121777058,1.934036910533905,0.001047957279980416
105_sauce-can,0,rigid,0.00018192271384827042,0.9503402075556802,0.0007107387615731208,1.6692625645298806,1.9366221009679432,1.6694080197736971,1.4573335647583008e-05,0.9502967642620206,5.033612251281738e-05,1.184579312801361,1.934947719797492,1.1820276379585266,0.4873803818151705
105_sauce-can,2,rigid,1.4248501920097347e-05,0.9509158813281994,-0.0001760905405233763,1.909066968183332,1.9340804438586383,1.9088950356627905,-2.676248550415039e-05,0.9509173957630992,-0.00012820959091186523,1.3597019910812378,1.9340597931295633,1.3601207733154297,0.5493649771020943
105_sauce-can,4,rigid,-9.052508751195267e-05,0.9557932298630477,-3.221262162386863e-05,1.8275097245047094,1.9255800880491734,1.827457033859651,-1.4185905456542969e-05,0.9557932298630476,1.2814998626708984e-06,1.3079122304916382,1.9255800880491734,1.3104386925697327,0.5195974940130712
105_sauce-can,5,rigid,6.076870248350664e-05,0.9521880177780985,3.394603301700017e-05,1.2575981426159013,1.9279951993376017,1.256412663073433,6.076693534851074e-05,0.9521880177780986,3.400444984436035e-05,1.1277549862861633,1.9279951993376017,1.1272453665733337,0.12984315632973797
105_sauce-can,6,rigid,0.0005536832278384741,0.9508496591692501,0.0009055361112435751,1.5067202042278705,1.9362184108892744,1.5076532771620954,-5.632638931274414e-06,0.9508350659161806,-1.7434358596801758e-05,1.079395592212677,1.9335342310369015,1.0776960253715515,0.4299572517905439
106_skillet,0,rigid,0.13375882947618717,0.1179364588628201,0.07273010249477062,1.7459980698230693,0.2719420586857527,2.1197357853196466,-4.416704177856445e-05,0.1182038001716137,-0.002589672803878784,1.1408412456512451,0.27118102461099625,1.9215113520622253,0.6051568241718241
106_skillet,1,rigid,0.08350928625951483,0.15845186451891144,0.04862562615884581,1.7305674721974542,0.3527034627223532,2.0907685160773988,8.624792098999023e-05,0.15868210326880217,-0.0021776556968688965,1.0833115577697754,0.3521537873893976,1.9281706809997559,0.6472559144276788
106_skillet,2,rigid,0.11790091589904979,0.19240635505670595,0.06804415043277762,1.8113836799307421,0.4814551194000897,2.1175744948991233,1.6689300537109375e-05,0.1914947060868144,-0.000773310661315918,1.1546486616134644,0.4163092914968729,1.9218281507492065,0.6567350183172778
106_skillet,3,rigid,-0.09900219540022576,0.13281491705167506,0.058690675772224095,1.8663900574690184,0.30062709914460756,2.1237208105795005,5.4776668548583984e-05,0.13286301586776972,0.0005349218845367432,1.2045139074325562,0.30051314644515514,1.9140172600746155,0.6618761500364623
107_soap,0,rigid,0.00019895438804715788,0.19639180887378827,-8.718211810699988e-06,1.9333553015104095,0.4277197597934539,0.6222446936023338,0.00019890069961547852,0.19639863446354866,-5.185604095458984e-06,1.9333548545837402,0.42763110250234604,0.6221502423286438,9.44512736900105e-05
107_soap,1,rigid,-0.00016066372457547063,0.2006795581315366,8.459199640588677e-05,1.9259873735309259,0.43615977285219537,0.9652745610485282,-0.00015854835510253906,0.20071227382868528,-3.516674041748047e-06,1.9259394407272339,0.4354389104992151,0.9650295376777649,0.0007208623529802449
107_soap,2,rigid,1.7581797204710513e-05,0.36798798138150535,-0.0001059623702660612,1.931580967564456,0.783848811743737,1.317907417285924,1.576542854309082e-05,0.3694988265633583,-2.0265579223632812e-05,1.9313101172447205,0.7728887051343918,1.3119316101074219,0.01096010660934521
107_soap,3,rigid,2.610683441163592e-05,0.3493757069280979,-0.00023568807807229864,1.9235967397689822,0.7338672703417752,1.1112274360663565,2.6106834411621094e-05,0.3493956746533513,-0.0002237260341644287,1.923596739768982,0.7336191292852163,1.111042559146881,0.00024814105655890373
108_block,0,rigid,-4.788807842168506e-05,0.950358941550988,-2.3603565141489955e-06,1.1789627423056983,1.9357897174817091,1.1780586622419866,-3.2901763916015625e-05,0.950362260453403,-1.0222196578979492e-05,1.0358537435531616,1.93552983738482,1.0357548594474792,0.1431089987525367
108_block,1,rigid,0.00011723959493362346,0.9494503201405077,0.0006334015023572287,1.4063671531689024,1.9343250060039248,1.4104427955138605,4.220008850097656e-05,0.9495370406657457,0.00029286742210388184,1.2568265199661255,1.9339034520089626,1.2690117955207825,0.14954063320277688
108_block,2,rigid,-8.00403129845812e-05,0.950208584948265,0.0002202893418151543,1.5233909869056157,1.9356171181646529,1.523062413734097,0.00011578202247619629,0.9502150332555175,4.184246063232422e-05,1.144828736782074,1.9350091386586428,1.1459881067276,0.3785622501235417
108_block,3,rigid,0.005549297281653325,0.9500464211532078,5.810631270907927e-05,1.2072240666025462,1.9351928841311583,1.213773985110638,7.721781730651855e-05,0.9500514753162861,0.008588641881942749,0.8693042993545532,1.9349204525351524,0.9025176167488098,0.337919767247993
108_block,4,rigid,0.0005629296954230778,0.9511990076410497,-0.017175673440804423,1.2254694424801458,1.9388419518614968,1.22752787681759,-3.133714199066162e-05,0.9514979757368565,0.001618906855583191,0.8702668249607086,1.9356592819094658,0.9133714735507965,0.35520261751943716
108_block,5,rigid,2.7243753848561645e-05,0.9505559942954425,3.5555405035631322e-06,1.478247333517425,1.934426677484928,1.4782103347138087,-1.1324882507324219e-06,0.9505378054454923,-1.570582389831543e-05,1.051384449005127,1.934370269998908,1.0507115721702576,0.4274987625435511
108_block,6,rigid,0.026768279086753218,0.9501421156998092,-0.006524932346105637,1.4084240310656324,1.9350727723228451,1.4623318698323602,1.189112663269043e-05,0.9501419812440872,0.0004960596561431885,1.014262616634369,1.9350589215755463,1.1423227190971375,0.3941614144312635
109_hydrating-oil,0,rigid,-0.00013234797705161813,0.9469102205195808,0.00010176792455343472,0.8557093604501419,1.9286653369748685,0.85547954780924,-9.422004222869873e-05,0.9468863168731332,-4.786252975463867e-05,0.6269913017749786,1.9284839313477278,0.6284196972846985,0.22871805867516326
109_hydrating-oil,1,rigid,-0.0007197585721427389,0.9491321486978896,0.000558278216680176,0.7380240090640063,1.9333877739892218,0.7365337183269606,4.410743713378906e-06,0.9492275035008788,1.926720142364502e-05,0.5767614245414734,1.9324759412556887,0.5732313692569733,0.1633023490699873
109_hydrating-oil,2,rigid,2.1653914106578664e-05,0.9508549709947975,-0.0004543577839315451,0.8769899170649939,1.9364857162874154,0.8781486556544108,-4.620850086212158e-05,0.950823643244803,-2.2143125534057617e-05,0.6222159564495087,1.9361143540591002,0.6221057176589966,0.2560429379954142
109_hydrating-oil,5,rigid,2.728989786431813e-06,0.9502212567788441,-2.268227280013208e-05,0.721337080215826,1.9350366386347941,0.4947402106424304,-3.769993782043457e-06,0.9502285216003656,-1.9371509552001953e-05,0.7212458550930023,1.93494139239192,0.4946497976779938,9.524624287404748e-05
110_basket,0,rigid,6.746175394224274e-05,0.7122694006730915,0.0010830574433379715,1.91571146709009,1.4595062351118098,1.199379781411152,4.7206878662109375e-05,0.712265120819211,0.001064002513885498,1.915601372718811,1.4592194817960262,1.199203610420227,0.0002867533157835389
110_basket,1,rigid,0.00011831272576221739,0.717947531172962,-0.0006206656038679623,1.9431060856522244,1.4725146452903504,1.2599227377982518,9.745359420776367e-06,0.7180931521579623,-0.0005942583084106445,1.9423475861549377,1.4711372945457697,1.2597588300704956,0.0013773507445806743
110_basket,2,rigid,-2.3527995835813663e-05,0.7189426311759427,2.0529598794739175e-05,1.9318259406345308,1.4726046031467996,1.3278655965932193,-7.331371307373047e-06,0.7189310323446989,5.662441253662109e-06,1.9317253828048706,1.4724174477159977,1.3277734518051147,0.00018715543080194408
110_basket,3,rigid,0.00010334725003548433,0.8613523643748053,9.938393917180606e-06,1.9349248076892327,1.7578536697597467,1.3223619071096653,0.00011813640594482422,0.8613360431045294,1.5795230865478516e-06,1.9346953630447388,1.757500547915697,1.3221753239631653,0.00035312184404956426
111_callbell,0,rigid,-0.0013980111231769077,0.7743938014988708,0.2486866794879887,1.3559795152826357,2.223572439051247,1.882305263417506,4.579126834869385e-05,0.9210198689252138,-2.0056962966918945e-05,0.9880910813808441,1.8649958036839962,0.9868401288986206,0.8954651345188853
111_callbell,1,rigid,0.18530229111803334,0.8658931233057882,-0.0026580664859400006,1.636585829191846,2.1856917829777136,1.2597736326002738,9.849667549133301e-05,0.9486768594942987,-0.0002887547016143799,0.8928889632225037,1.9177266852930188,0.8921834826469421,0.7436968659693424
111_callbell,2,rigid,-0.07036911144801179,0.8736822930181418,-0.17639437507821487,1.0160490993579736,2.122491576570912,1.2441872571234212,-4.470348358154297e-06,0.9647190924733877,-1.6316771507263184e-05,0.8563522100448608,1.8742584474384785,0.8532760441303253,0.39091121299309584
111_callbell,3,rigid,-0.00010975876119114339,0.9733002631143638,-0.0033334286636229364,1.2939604405916663,1.893281676774281,1.2989736431070265,-5.549192428588867e-05,0.9732981938868761,-0.0005202889442443848,1.0339999198913574,1.8894770108163357,1.0336047410964966,0.2653689020105299
111_callbell,4,rigid,0.003046859049948911,0.973016712621366,-0.0001111586448369964,1.366854037242858,1.892380377053694,1.3635638048398548,0.00013031065464019775,0.9730217466130853,0.0003055185079574585,0.9709551632404327,1.8899977188557386,0.9681885540485382,0.3958988740024252
111_callbell,5,rigid,-0.16050576654001675,0.84386795846774,0.15506895767458886,1.2845962589917737,2.227289896582394,1.297033828128758,2.5272369384765625e-05,0.9652456501498818,-4.9486756324768066e-05,0.9354676008224487,1.894384054467082,0.9335760176181793,0.36345781051057857
112_tea-box,0,rigid,0.000446254294842473,0.7072035768808299,0.0023146562230795934,1.9249681604034443,1.4384207531332063,1.4385229307056027,-0.0002707839012145996,0.707162803504616,0.0028811097145080566,1.9229764938354492,1.437971699051559,1.4348969459533691,0.0036259847522335242
112_tea-box,1,rigid,0.0032817539471226968,0.8273564187194553,-4.440546035730014e-06,1.9310736290350883,1.6896629086437276,1.8311920762062075,0.0032592415809631348,0.8272862732410431,-4.4405460357666016e-06,1.9308058023452759,1.6893216967582703,1.8311920762062073,0.0003412118854573265
112_tea-box,2,rigid,-4.580541278587641e-05,0.9500581923430147,0.0010720967250049803,1.0502073393075748,1.9349988032633658,0.8652919149450388,-7.897615432739258e-06,0.9500636709854007,0.001077696681022644,1.0500262379646301,1.9349466059356928,0.8651939928531647,0.0001811013429446895
112_tea-box,3,rigid,1.846551007942463e-05,0.8533338325162682,3.307372110792254e-05,1.9433279632036553,1.7418067041330318,1.8765571679138717,6.750226020812988e-05,0.8533338494598866,4.112720489501953e-05,1.942617952823639,1.7415644749999046,1.8757978677749634,0.0007593001389083476
112_tea-box,4,rigid,5.714026930715791e-05,0.831315844749565,-0.00018208092978346847,1.8529326814468878,1.6975858885594453,1.9414277689539936,2.5600194931030273e-05,0.8313149511814117,-0.0002041161060333252,1.8527491688728333,1.6975769400596619,1.9412853121757507,0.00018351257405457844
112_tea-box,5,rigid,-0.0019186781783188127,0.9249717141418047,-0.0016808187293027058,1.942777498090328,1.9011272275458797,1.9440908917760293,-0.0011466145515441895,0.9250726783648133,0.0002295374870300293,1.9330744743347168,1.8826718162745237,1.9352000951766968,0.01845541127135597
113_coffee-box,0,rigid,1.309958047381432e-05,0.9530338417048329,7.290989260985248e-06,1.4889327513873385,1.930829957149475,1.323196034132384,1.329183578491211e-05,0.9530093697831035,-3.4570693969726562e-06,1.4888575077056885,1.9307043496519327,1.3231357336044312,0.00012560749754220168
113_coffee-box,1,rigid,-7.29465861828733e-05,0.8528743650697206,-0.00011238452422611688,1.945044572715016,1.7421087664535166,1.8223645710446206,-7.584691047668457e-05,0.8530027130618691,-5.328655242919922e-05,1.9419559836387634,1.7409729044884443,1.818901538848877,0.0034630321957436205
113_coffee-box,2,rigid,0.00031810828559399035,0.8019838178789955,0.0020824362121648694,1.9521337048451814,1.6640342053168014,1.7690158765255488,-0.00012406706809997559,0.8043357646092772,0.0033987760543823242,1.942355215549469,1.6436492372304201,1.7621830701828003,0.02038496808638124
113_coffee-box,3,rigid,2.0727850808110033e-05,0.9475096175350719,-1.4772905209910268e-06,1.4807550508775562,1.9279197439200138,1.4128112784870126,1.9252300262451172e-05,0.9474846888333559,-1.2516975402832031e-06,1.4806207418441772,1.9277845285832882,1.4125397205352783,0.0002715579517342803
113_coffee-box,4,rigid,9.031370973098363e-05,0.8471607256664309,6.000119183798144e-05,1.9415475574599745,1.7297911183677632,1.4533277635890463,7.668137550354004e-05,0.8471580175682902,-8.374452590942383e-06,1.941250741481781,1.7292793933302164,1.452987253665924,0.0005117250375468174
113_coffee-box,5,rigid,0.00020166398158460576,0.6968483727641351,-0.00018563866615296283,1.9354743832521417,1.4282139310185138,0.5391609668731693,0.00014901161193847656,0.696834260597825,-0.0001856386661529541,1.9351582527160645,1.4276930205523968,0.539160966873169,0.0005209104661170194
113_coffee-box,6,rigid,-7.845720701544611e-06,0.9501080713624941,-8.48085331905031e-05,1.1966878620814276,1.9354642959022077,1.3489400027927634,5.245208740234375e-06,0.9501801459118724,-3.018975257873535e-05,1.1964778900146484,1.9351561609655619,1.3486412167549133,0.0003081349366458319
114_bottle,1,rigid,-7.801286384909743e-09,0.8997056460974905,4.116125960079975e-07,0.5755804837944279,1.7994111642465431,0.5755800265025404,0.0,0.8997056486543268,-4.0567692871640304e-08,0.5454429984092712,1.799411122870463,0.545443459212222,0.030137485385156704
114_bottle,2,rigid,-4.92575568788765e-07,0.9476847039540636,5.133223919353832e-07,0.7159918159127941,1.8953692943012475,0.7159924549834216,0.0,0.9476846895312439,-2.457104003594779e-07,0.5150580108165741,1.8953691659995582,0.5150579810142224,0.20093447396919917
114_bottle,3,rigid,6.813343718070148e-05,0.9390977719300474,2.540242926586833e-05,0.5201516785787955,1.8783392663982066,0.5123145297663331,0.0,0.9391049444675446,0.0,0.5191172361373901,1.8782098889350891,0.5114704072475433,0.001034442441405381
114_bottle,4,rigid,2.632897881382626e-05,0.917057660651605,2.2860995299761463e-05,0.7442807214842211,1.8341152197293202,0.7442814091737724,0.0,0.9170576386348821,-1.4720984209404264e-07,0.5268950164318085,1.8341150627927343,0.5264919996261297,0.2177894095476427
115_perfume,0,rigid,0.00012777061483304876,0.9490618335086392,-0.0026741120005503377,1.3495330521223514,1.9323678742892632,0.5734661225974592,7.241964340209961e-06,0.9490654384717345,-0.0025255531072616577,1.3449469208717346,1.932238595560193,0.5619429051876068,0.011523217409852404
115_perfume,1,rigid,0.00012777061483304876,0.9490618335086392,-0.0026741120005503377,1.3495330521223514,1.9323678742892632,0.5734661225974592,0.00333559513092041,0.951466710306704,-0.0017630904912948608,0.9795356392860413,1.9316315036267042,0.904397040605545,0.36999741283631016
115_perfume,2,rigid,0.00012777061483304876,0.9490618335086392,-0.0026741120005503377,1.3495330521223514,1.9323678742892632,0.5734661225974592,-0.00021380186080932617,0.9499018909409642,-6.377696990966797e-06,1.1439034938812256,1.9345355983823538,0.6128681898117065,0.20562955824112583
115_perfume,3,rigid,0.00012777061483304876,0.9490618335086392,-0.0026741120005503377,1.3495330521223514,1.9323678742892632,0.5734661225974592,0.0024946630001068115,0.9482555026188493,-0.0015725791454315186,1.2844483256340027,1.92913849465549,1.147947609424591,0.5744814868271318
116_keyboard,0,rigid,1.0724492004909491e-05,0.08086447749004333,-0.00229638273519079,1.9350151938661302,0.27893216307051794,0.6809196328590493,1.8328428268432617e-05,0.09832021733745933,-0.002092510461807251,1.9349364638328552,0.22433227021247149,0.6595941185951233,0.05459989285804645
116_keyboard,1,rigid,1.0724492004909491e-05,0.08086447749004333,-0.00229638273519079,1.9350151938661302,0.27893216307051794,0.6809196328590493,0.0006834864616394043,0.08366589318029583,0.0033286362886428833,1.9284809827804565,0.17868083575740457,0.6959341466426849,0.10025132731311337
116_keyboard,2,rigid,1.0724492004909491e-05,0.08086447749004333,-0.00229638273519079,1.9350151938661302,0.27893216307051794,0.6809196328590493,-0.003895878791809082,0.07568323658779263,-0.00725284218788147,1.9194262027740479,0.1678074887022376,0.627351701259613,0.11112467436828033
116_keyboard,3,rigid,1.0724492004909491e-05,0.08086447749004333,-0.00229638273519079,1.9350151938661302,0.27893216307051794,0.6809196328590493,2.104043960571289e-05,0.11490945937111974,-0.03623628616333008,1.9350534677505493,0.24787073489278555,0.9417715072631836,0.26085187440413427
117_whiteboard-eraser,0,rigid,4.286925443041513e-05,0.35290962236235707,-7.373533825671625e-05,1.9350613724325154,0.7408198452274721,1.0134517518468407,3.293156623840332e-05,0.352903138846159,-1.8149614334106445e-05,1.934912621974945,0.7406308427453041,1.013194978237152,0.00025677360968856533
118_tooth-paste,0,rigid,0.007238643029073353,0.9488332733275774,-0.003960764960576113,0.6348589417053964,1.9285210302354852,0.6216427750149484,-0.00019498169422149658,0.9480707747861743,0.00021468102931976318,0.5961303412914276,1.921677092090249,0.39473167061805725,0.2269111043968911
119_mini-chalkboard,0,rigid,4.0497207403651195e-05,0.9492116572894091,0.0007971855863580375,1.4617102691293493,1.9470529951904982,0.6416219412532425,4.118680953979492e-05,0.9508622689172626,-0.0009545236825942993,1.4616948366165161,1.9351835642009974,0.6374661028385162,0.011869430989500884
120_plant,0,rigid,-0.055119174600301836,0.9245762504529675,-0.09032233104510709,2.649625725503751,2.629885539755721,2.6662399888991146,-0.018931031227111816,0.9433459080755711,-0.0016497373580932617,1.7283557653427124,1.921488992869854,1.8406230211257935,0.9212699601610388
